Player Name,Credits,Player Type,Team,Innings,Runs,Balls Faced,Fours,Sixes,Batting Average,Strike Rate,Boundary_Percentage,Innings_X,Balls Bowled,Runs_Conceded,Wickets,Bowling  Average,Economy Rate,Bowling  Strike_rate,Dream11_Avg,Dream_11 rounds_Avg,Dream_11_2024_avg,Weighted_Score,RECENT_FORM
Ruturaj Gaikwad,9,Batter,Chennai Super Kings,65,2380,1739,217,91,41.75,136.8602645,59.41176471,0,0,0,0,0,0,0,60.67692308,53.6,63.7,58.955769232,38.06666667
Ravindra Jadeja,8.5,All-rounder,Chennai Super Kings,184,2959,2281,215,107,27.4,129.7238053,50.76039202,211,3829,4864,160,30.4,7.62,23.93,45.40758294,60.75,54.7,53.100533176,53.55555556
Matheesha Pathirana,8.5,Bowler,Chennai Super Kings,0,0,0,0,0,0,0,0,20,451,592,34,17.41,7.88,13.26,58.15,45,74.5,57.635,46.47222222
Shivam Dube,8,Batter,Chennai Super Kings,61,1502,1024,86,101,30.04,146.6796875,63.24900133,14,112,180,5,36,9.64,22.4,42.81967213,56.625,48,48.946618852,54.5
MS Dhoni,7,Batter/Wicketkeeper,Chennai Super Kings,229,5243,3812,363,252,39.13,137.5393494,56.53251955,0,0,0,0,0,0,0,36.49344978,48.625,30.3,39.191129912,51.83333333
Devon Conway,8,Batter/Wicketkeeper,Chennai Super Kings,22,924,654,99,30,48.63,141.2844037,62.33766234,0,0,0,0,0,0,0,75,58,52,63.3,51
Rahul Tripathi,7.5,Batter,Chennai Super Kings,93,2236,1605,223,84,26.94,139.3146417,62.43291592,1,6,12,0,0,12,0,39.86021505,23,45,35.24408602,28.55555556
Rachin Ravindra,8,Batter,Chennai Super Kings,10,222,138,22,12,22.2,160.8695652,72.07207207,2,12,7,0,0,3.5,0,48.2,46,57,49.63,39.61111111
Ravichandran Ashwin,8,All-rounder,Chennai Super Kings,94,800,675,61,28,13.33,118.5185185,51.5,208,4524,5369,180,29.83,7.12,25.13,33.51923077,33.71429,38.5,34.832693808,34.30555556
Khaleel Ahmed,7.5,Bowler,Chennai Super Kings,5,1,7,0,0,0.2,14.28571429,0,57,1276,1881,74,25.42,8.84,17.24,41.56140351,52.625,46,46.543311404,52.61111111
Noor Ahmad,7.5,Bowler,Chennai Super Kings,7,13,18,2,0,3.25,72.22222222,61.53846154,23,492,659,24,27.46,8.04,20.5,34.30434783,58.625,52,47.240489132,54.66666667
Vijay Shankar,6.5,Batter,Chennai Super Kings,60,1115,859,80,45,25.34,129.8020955,52.91479821,22,238,344,9,38.22,8.67,26.44,33.21666667,37.5,24,32.411666668,42.80555556
Sam Curran,7.5,All-rounder,Chennai Super Kings,48,883,647,74,37,25.23,136.4760433,58.66364666,58,1181,1900,58,32.76,9.65,20.36,56.15517241,17,60,43.412068964,19.5
Shaik Rasheed,5,Batter,Chennai Super Kings,0,0,0,0,0,0,0,0,0,0,0,0,0,0,0,0,48.5,0,16.975,59.25
Anshul Kamboj,6,Bowler,Chennai Super Kings,1,2,2,0,0,0,100,0,3,60,114,2,57,11.4,30,22,52,30,34.5,51.33333333
Dewald Brevis,6,Batter,Chennai Super Kings,10,230,172,17,16,23,133.73,71.3,1,3,8,1,8,0,3,43,40,45,42.45,43
Ayush Mhatre,5,Batter,Chennai Super Kings,0,0,0,0,0,0,0,0,0,0,0,0,0,0,0,0,72,0,38,40
Mukesh Choudhary,6.5,Bowler,Chennai Super Kings,2,6,6,1,0,6,100,66.66666667,14,279,451,16,28.19,9.7,17.44,37.28571429,23,35,31.714285716,23
Deepak Hooda,7,Batter,Chennai Super Kings,96,1465,1131,96,61,18.31,129.5313882,51.19453925,33,373,531,10,53.1,8.54,37.3,26.40625,9.666667,28,20.94583345,7.9
Gurjapneet Singh,6,Bowler,Chennai Super Kings,0,0,0,0,0,0,0,0,0,0,0,0,0,0,0,0,0,0,0,0
Nathan Ellis,7,Bowler,Chennai Super Kings,5,19,25,0,1,4.75,76,31.57894737,16,354,508,18,28.22,8.61,19.67,37.5625,43,40,40.075,43
Ramakrishna Ghosh,5.5,All-rounder,Chennai Super Kings,0,0,0,0,0,0,0,0,0,0,0,0,0,0,0,0,0,0,0,0
Kamlesh Nagarkoti,6,Bowler,Chennai Super Kings,7,22,33,1,0,5.5,66.66666667,18.18181818,11,180,285,5,57,9.5,36,16.90909091,0,0,6.763636364,0
Jamie Overton,6.5,All-rounder,Chennai Super Kings,8,50,47,3,1,8.33,106.3829787,36,8,136,186,11,16.91,8.21,12.36,61.875,10.33333,35,37.1166655,12.4
Shreyas Gopal,6.5,Bowler,Chennai Super Kings,22,180,169,19,2,12.86,106.5088757,48.88888889,51,991,1348,52,25.92,8.16,19.06,37.88235294,0,34,36.523529411,0
Vansh Bedi,5,Batter/Wicketkeeper,Chennai Super Kings,0,0,0,0,0,0,0,0,0,0,0,0,0,0,0,0,0,0,0,0
Andre Siddharth,5.5,Batter,Chennai Super Kings,0,0,0,0,0,0,0,0,0,0,0,0,0,0,0,0,0,0,0,0
Axar Patel,9,Bowler,Delhi Capitals,113,1653,1263,107,79,21.47,130.8788599,54.56745312,148,3099,3758,123,30.55,7.28,25.2,43.85810811,57.25,62,53.080743244,57.61111111
Kuldeep Yadav,8.5,Bowler,Delhi Capitals,33,183,216,16,3,15.25,84.72222222,44.80874317,82,1746,2388,87,27.45,8.21,20.07,37.18292683,67.625,60,53.541920732,65.16666667
Tristan Stubbs,8,Batter,Delhi Capitals,17,405,233,26,26,36.82,173.8197425,64.19753086,3,24,29,4,7.25,7.25,6,56.94117647,58.5,58,57.751470588,55.66666667
Abishek Porel,6.5,Batter/Wicketkeeper,Delhi Capitals,16,360,236,37,15,25.71,152.5423729,66.11111111,0,0,0,0,0,0,0,42.0625,50.375,42,44.95625,54.72222222
Mitchell Starc,8.5,Bowler,Delhi Capitals,17,105,109,11,0,11.67,96.33027523,41.9047619,39,831,1137,51,22.29,8.21,16.29,45.66666667,58.25,57,52.904166668,49.5
Lokesh Rahul,9,Batter/Wicketkeeper,Delhi Capitals,123,4683,3479,400,187,45.47,134.6076459,58.12513346,0,0,0,0,0,0,0,61.42276423,90.42857,65,72.469105192,94.61111111
Jake Fraser-McGurk,7.5,Batter,Delhi Capitals,9,330,141,32,28,36.67,234.0425532,89.6969697,0,0,0,0,0,0,0,89,24.14286,65,60.300001,21.80555556
T Natarajan,7.5,Bowler,Delhi Capitals,4,3,5,0,0,0,60,0,61,1337,1969,67,29.39,8.84,19.96,35.19672131,0,52,41.0778688515,0
Karun Nair,7,Batter,Delhi Capitals,68,1496,1171,161,39,23.75,127.7540564,58.68983957,0,0,0,0,0,0,0,36.01470588,74.5,32,48.480882352,64
Faf du Plessis,8.5,Batter,Delhi Capitals,138,4571,3352,421,167,35.99,136.3663484,58.76175891,1,6,16,0,0,16,0,53.67391304,65,50,56.719565216,46.5
Mohit Sharma,7.5,Bowler,Delhi Capitals,31,124,133,8,4,7.29,93.23308271,45.16129032,111,2253,3256,132,24.67,8.67,17.07,39.67567568,14.25,42,31.357770272,14.33333333
Ashutosh Sharma,7,Batter,Delhi Capitals,9,189,113,10,15,27,167.2566372,68.78306878,0,0,0,0,0,0,0,46.55555556,49.57143,45,47.222222724,37.61111111
Sameer Rizvi,6.5,Batter,Delhi Capitals,5,51,43,4,2,12.75,118.6046512,54.90196078,0,0,0,0,0,0,0,30.8,22.66667,21,25.5033345,29
Mukesh Kumar,7,Bowler,Delhi Capitals,5,10,18,0,0,10,55.55555556,0,20,399,694,24,28.92,10.44,16.63,38.9,33,50,39.61,33.27777778
Darshan Nalkande,6.5,Bowler,Delhi Capitals,2,12,12,0,1,6,100,50,6,84,148,6,24.67,10.57,14,47.5,0,32,42.075,0
Vipraj Nigam,5,Bowler,Delhi Capitals,0,0,0,0,0,0,0,0,0,0,0,0,0,0,0,0,54.625,0,19.11875,54.61111111
Dushmantha Chameera,7,Bowler,Delhi Capitals,8,43,28,3,3,10.75,153.5714286,69.76744186,13,282,432,9,48,9.19,31.33,27.76923077,0,15,23.3000000005,0
Donovan Ferreira,7,Batter,Delhi Capitals,0,0,0,0,0,0,0,0,0,0,0,0,0,0,0,0,0,18,4.5,0
Ajay Mandal,6.5,All-rounder,Delhi Capitals,0,0,0,0,0,0,0,0,0,0,0,0,0,0,0,0,0,0,0,0
Manvanth Kumar L,5.5,All-rounder,Delhi Capitals,0,0,0,0,0,0,0,0,0,0,0,0,0,0,0,0,0,0,0,0
Madhav Tiwari,5,All-rounder,Delhi Capitals,0,0,0,0,0,0,0,0,0,0,0,0,0,0,0,0,0,0,0,0
Tripurana Vijay,5.5,Bowler,Delhi Capitals,0,0,0,0,0,0,0,0,0,0,0,0,0,0,0,0,0,0,0,0
Rashid-Khan,9,Bowler,Gujarat Titans,60,545,337,39,38,14.73,161.7210682,70.4587156,121,2859,3252,149,21.83,6.82,19.19,47.2892562,36.625,50,44.23445248,38.44444444
Shubman Gill,9,Batter,Gujarat Titans,100,3216,2370,310,95,37.84,135.6962025,56.28109453,0,0,0,0,0,0,0,51.76,67.25,56,58.2415,66.94444444
Sai Sudharsan,8,Batter,Gujarat Titans,25,1034,743,95,31,47,139.1655451,54.73887814,0,0,0,0,0,0,0,70,98.875,64,78.60625,97.66666667
Rahul Tewatia,7,All-rounder,Gujarat Titans,65,1013,752,84,47,25.33,134.7074468,61.00691017,52,843,1111,32,34.72,7.91,26.34,40.84615385,19.625,34,31.70721154,20.22222222
Shahrukh Khan,7.5,Batter,Gujarat Titans,38,553,391,35,37,19.75,141.4322251,65.46112116,2,12,15,0,0,7.5,0,26.05263158,21.75,32,26.033552632,23.83333333
Kagiso Rabada,8.5,Bowler,Gujarat Titans,31,206,193,16,8,12.12,106.7357513,54.36893204,80,1818,2570,117,21.97,8.48,15.54,50.775,50.25,48,49.8975,54.41666667
Jos Buttler,9,Batter/Wicketkeeper,Gujarat Titans,106,3582,2428,355,161,38.11,147.5288303,66.61083194,0,0,0,0,0,0,0,57.71698113,91.375,58,69.568042452,85.16666667
Mohammed Siraj,8,Bowler,Gujarat Titans,25,109,119,10,4,10.9,91.59663866,58.71559633,93,1958,2822,93,30.34,8.65,21.05,33.86021505,62.625,42,45.96283602,70.66666667
Prasidh Krishna,7.5,Bowler,Gujarat Titans,10,9,24,0,0,3,37.5,0,51,1145,1703,49,34.76,8.92,23.37,30.92156863,75.625,30,46.337377452,79.66666667
Nishant Sindhu,6,All-rounder,Gujarat Titans,0,0,0,0,0,0,0,0,0,0,0,0,0,0,0,0,0,0,0,0
Mahipal Lomror,6.5,Batter,Gujarat Titans,35,527,373,33,30,18.17,141.2868633,59.20303605,11,90,127,1,127,8.47,90,24.88571429,0,23,24.2257142885,0
Kumar Kushagra,5.5,Wicketkeeper/Batter,Gujarat Titans,0,0,0,0,0,0,0,0,0,0,0,0,0,0,0,0,0,6,1.5,0
Anuj Rawat,6.5,Wicketkeeper/Batter,Gujarat Titans,21,318,267,26,14,19.88,119.1011236,59.11949686,0,0,0,0,0,0,0,27.66666667,0,30,28.4833333355,0
Manav Suthar,6,Bowler,Gujarat Titans,0,0,0,0,0,0,0,0,0,0,0,0,0,0,0,0,0,18,4.5,0
Washington Sundar,7,All-rounder,Gujarat Titans,40,378,325,32,9,14,116.3076923,48.14814815,58,1054,1325,37,35.81,7.54,28.49,30.06896552,72.66667,23,43.210920708,78.5
Gerald Coetzee,7,Bowler,Gujarat Titans,5,14,22,0,1,3.5,63.63636364,42.85714286,10,201,341,13,26.23,10.18,15.46,43.6,0,48,45.14,0
Arshad Khan,5.5,All-rounder,Gujarat Titans,7,101,69,6,6,25.25,146.3768116,59.40594059,10,146,304,6,50.67,12.49,24.33,35.3,36.8,39,36.75,37.33333333
Gurnoor Brar Singh,5.5,Bowler,Gujarat Titans,0,0,0,0,0,0,0,0,0,0,0,0,0,0,0,0,0,0,0,0
Sherfane Rutherford,7,Batter,Gujarat Titans,23,428,299,26,29,25.18,143.1438127,64.95327103,3,42,72,1,72,10.29,42,32.08695652,58.625,40,43.353532608,55.11111111
Ravisrinivasan Sai Kishore,7,Bowler,Gujarat Titans,2,13,6,0,2,13,216.6666667,92.30769231,10,186,258,13,19.85,8.32,14.31,54.1,58.125,48,53.98375,55.33333333
Ishant Sharma,7.5,Bowler,Gujarat Titans,28,57,69,4,2,9.5,82.60869565,49.12280702,110,2309,3172,92,34.48,8.24,25.1,27.53636364,29.16667,39,30.972879956,29.69444444
Jayant Yadav,6.5,Bowler,Gujarat Titans,5,40,36,2,1,10,111.1111111,35,20,390,445,8,55.63,6.85,48.75,15.5,0,0,6.2,0
Glenn Phillips,8,Batter,Gujarat Titans,74,1928,1372,138,91,31.1,140.5247813,56.95020747,13,128,157,6,26.17,7.36,21.33,43.48648649,0,42,42.9662162185,0
Karim Janat,6,All-rounder,Gujarat Titans,48,691,596,49,28,17.72,115.9395973,52.67727931,49,835,1140,42,27.14,8.19,19.88,48.95918367,0,0,19.583673468,0
Kulwant Khejroliya,6,Bowler,Gujarat Titans,0,0,0,0,0,0,0,0,7,121,217,5,43.4,10.76,24.2,22.85714286,0,0,9.142857144,0
Rinku Singh,7.5,Batter,Kolkata Knight Riders,40,893,623,67,46,30.79,143.3386838,60.91825308,0,0,0,0,0,0,0,37.8,40.625,40,39.33875,43.83333333
Varun Chakravarthy,9,Bowler,Kolkata Knight Riders,12,25,46,2,0,6.25,54.34782609,32,70,1588,2002,83,24.12,7.56,19.13,38.41428571,62,56,51.065714284,61.83333333
Sunil Narine,9,All-rounder,Kolkata Knight Riders,110,1534,925,164,97,17.04,165.8378378,80.70404172,175,4075,4571,180,25.39,6.73,22.64,48.89714286,99.71429,82,74.958858644,90.30555556
Andre Russell,8.5,Batter,Kolkata Knight Riders,105,2484,1420,170,209,29.22,174.9295775,77.85829308,112,1697,2646,115,23.01,9.36,14.76,73.19642857,36.875,40,52.184821428,38.61111111
Harshit Rana,8,Bowler,Kolkata Knight Riders,3,2,3,0,0,1,66.66666667,0,19,385,581,25,23.24,9.05,15.4,42.21052632,65.625,46,51.352960528,67.66666667
Ramandeep Singh,7.5,All-rounder,Kolkata Knight Riders,13,170,102,8,13,28.33,166.6666667,64.70588235,4,40,63,6,10.5,9.45,6.67,44,16.375,29,30.58125,16.05555556
Venkatesh Iyer,8,Batter,Kolkata Knight Riders,49,1326,967,121,61,31.57,137.1251293,64.1025641,9,81,143,3,47.67,10.59,27,46.36734694,41.5,46,44.571938776,46.61111111
Quinton de Kock,8,Wicketkeeper/Batter,Kolkata Knight Riders,107,3157,2352,316,123,31.26,134.2261905,63.41463415,0,0,0,0,0,0,0,48.91588785,46.5,48,47.84135514,43.61111111
Rahmanullah Gurbaz,7.5,Wicketkeeper/Batter,Kolkata Knight Riders,13,289,216,24,19,22.23,133.7962963,72.66435986,0,0,0,0,0,0,0,44.15384615,0,41,43.0499999975,0
Anrich Nortje,8,Bowler,Kolkata Knight Riders,15,49,49,6,0,8.17,100,48.97959184,46,1054,1574,60,26.23,8.96,17.57,43.32608696,51,45,46.430434784,50.5
Angkrish Raghuvanshi,6.5,Batter,Kolkata Knight Riders,7,163,105,16,8,23.29,155.2380952,68.71165644,0,0,0,0,0,0,0,50,58.14286,42,50.850001,57.11111111
Vaibhav Arora,6.5,Bowler,Kolkata Knight Riders,8,9,16,0,0,4.5,56.25,0,20,383,586,19,30.84,9.18,20.16,30.85,55.57143,38,41.2900005,60.02777778
Chetan Sakariya,5.5,Bowler,Kolkata Knight Riders,0,0,0,0,0,0,0,0,19,426,599,20,29.95,8.44,21.3,40,0,35,40,35
Mayank Markande,6,Bowler,Kolkata Knight Riders,11,48,42,5,1,16,114.2857143,54.16666667,37,720,1069,37,28.89,8.91,19.46,34,0,30.4,32.74,0
Rovman Powell,7,Batter,Kolkata Knight Riders,22,360,244,21,28,18.95,147.5409836,70,2,18,35,1,35,11.67,18,29.27272727,0,32,30.2272727255,0
Manish Pandey,7,Batter,Kolkata Knight Riders,159,3850,3179,334,110,29.17,121.1072664,51.84415584,0,0,0,0,0,0,0,37.23899371,44.5,38,39.970597484,41.75
Spencer Johnson,6.5,Bowler,Kolkata Knight Riders,3,6,7,1,0,0,85.71428571,66.66666667,5,96,151,4,37.75,9.44,24,27.6,18.4,38,26.98,13.58333333
Luvnith Sisodia,5.5,Batter,Kolkata Knight Riders,0,0,0,0,0,0,0,0,0,0,0,0,0,0,0,0,0,0,0,0
Ajinkya Rahane,7.5,Batter,Kolkata Knight Riders,110,1534,925,164,97,17.04,165.8378378,80.70404172,175,4075,4571,180,25.39,6.73,22.64,48.89714286,68.625,46,55.077607144,66.27777778
Anukul Sudhakar Roy,6,All-rounder,Kolkata Knight Riders,6,26,24,3,0,8.67,108.3333333,46.15384615,9,136,191,5,38.2,8.43,27.2,22,0,16,19.9,0
Moeen Ali,7,All-rounder,Kolkata Knight Riders,57,1162,821,95,67,22.78,141.5347138,67.29776248,52,758,893,35,25.51,7.07,21.66,53.75438596,53.25,46,51.639254384,51.66666667
Umran Malik,6,Bowler,Kolkata Knight Riders,6,23,16,1,2,11.5,143.75,69.56521739,26,493,772,29,26.62,9.4,17,37.19230769,0,0,14.876923076,0
Nicholas Pooran,8.5,Wicketkeeper/Batter,Lucknow Super Giants,73,1769,1090,112,127,32.16,162.293578,68.40022612,0,0,0,0,0,0,0,42.17808219,103.25,66,69.508732876,104.8888889
Ravi Bishnoi,8,Bowler,Lucknow Super Giants,15,32,50,2,0,4,64,25,65,1411,1836,63,29.14,7.81,22.4,31.63076923,42,42,37.852307692,41.27777778
Mayank Yadav,7.5,Bowler,Lucknow Super Giants,0,0,0,0,0,0,0,0,4,73,85,7,12.14,6.99,10.43,74.75,0,0,29.9,0
Mohsin Khan,7,Bowler,Lucknow Super Giants,5,25,24,2,1,8.33,104.1666667,56,23,486,689,27,25.52,8.51,18,39.26086957,0,0,15.704347828,0
Ayush Badoni,7,Batter,Lucknow Super Giants,35,634,473,46,24,24.38,134.038055,51.73501577,5,25,36,2,18,8.64,12.5,31.45714286,44.375,31,35.864107144,43.83333333
Rishabh Pant,9,Wicketkeeper/Batter,Lucknow Super Giants,110,3284,2205,296,154,35.31,148.9342404,64.19001218,0,0,0,0,0,0,0,50.38181818,32.25,50,43.940227272,29.94444444
David Miller,8,Batter,Lucknow Super Giants,124,2924,2100,207,134,36.1,139.2380952,55.81395349,0,0,0,0,0,0,0,37.9516129,28.5,41,35.40564516,27.94444444
Mitchell Marsh,8,Batter,Lucknow Super Giants,36,665,521,48,38,19.56,127.6391555,63.15789474,34,560,795,37,21.49,8.52,15.14,63.02777778,86.71429,47,67.311112612,89.97222222
Aiden Markram,8,All-rounder,Lucknow Super Giants,42,995,767,73,35,30.15,129.726206,50.45226131,14,121,172,2,86,8.53,60.5,37.16666667,83.125,36,52.960416668,86.66666667
Avesh Khan,8,Bowler,Lucknow Super Giants,10,41,25,3,3,20.5,164,73.17073171,62,1335,1974,74,26.68,8.87,18.04,39.74193548,46.85714,48,44.296773192,37.13888889
Abdul Samad,6.5,Batter,Lucknow Super Giants,40,577,395,37,36,19.23,146.0759494,63.08492201,5,54,113,2,56.5,12.56,27,25.125,38.57143,29,30.8000005,35.33333333
Aryan Juyal,5.5,Wicketkeeper/Batter,Lucknow Super Giants,0,0,0,0,0,0,0,0,0,0,0,0,0,0,0,0,0,0,0,0
Akash Deep,7,Bowler,Lucknow Super Giants,3,19,12,2,1,9.5,158.3333333,73.68421053,8,164,319,7,45.57,11.67,23.43,32.125,27.25,38,31.8875,29.3
Himmat Singh,5.5,Batter,Lucknow Super Giants,0,0,0,0,0,0,0,0,0,0,0,0,0,0,0,0,4,0,1.4,4
Manimaran Siddharth,6,Bowler,Lucknow Super Giants,0,0,0,0,0,0,0,0,0,0,0,0,0,0,0,0,33,27,30,17.2
Digvesh Singh,5,Bowler,Lucknow Super Giants,0,0,0,0,0,0,0,0,0,0,0,0,0,0,0,0,45.375,0,15.88125,47.11111111
Shahbaz Ahmed,7,All-rounder,Lucknow Super Giants,37,536,440,28,25,19.14,121.8181818,48.88059701,42,537,837,21,39.86,9.35,25.57,35,18,40,30.3,18
Akash Singh,6,Bowler,Lucknow Super Giants,0,0,0,0,0,0,0,0,7,138,227,5,45.4,9.87,27.6,22.85714286,0,0,9.142857144,0
Shamar Joseph,6.5,Bowler,Lucknow Super Giants,0,0,0,0,0,0,0,0,1,24,47,0,0,11.75,0,75,0,25,57.5,0
Prince Yadav,5.5,Bowler,Lucknow Super Giants,0,0,0,0,0,0,0,0,0,0,0,0,0,0,0,0,27,0,9.45,34.5
Yuvraj Chaudhary,5,All-rounder,Lucknow Super Giants,0,0,0,0,0,0,0,0,0,0,0,0,0,0,0,0,0,0,0,0
Rajvardhan Hangargekar,5.5,Bowler,Lucknow Super Giants,0,0,0,0,0,0,0,0,2,36,60,3,20,10,12,85.5,0,0,34.2,0
Arshin Kulkarni,6,All-rounder,Lucknow Super Giants,2,9,8,2,0,4.5,112.5,88.88888889,0,0,0,0,0,0,0,46,0,22,37.6,0
Shardul Thakur,7.5,All-rounder,Lucknow Super Giants,37,307,221,27,13,12.28,138.9140271,60.58631922,92,1866,2869,94,30.52,9.23,19.85,38.05434783,55.625,44,45.690489132,54.94444444
Matthew Breetzke,6.5,Batter,Lucknow Super Giants,10,151,123,13,6,16.78,122.7642276,58.2781457,0,0,0,0,0,0,0,31.4,0,0,12.56,0
Jasprit Bumrah,9,Bowler,Mumbai Indians,30,68,78,5,1,9.71,87.17948718,38.23529412,133,3053,3716,165,22.52,7.3,18.5,40.40601504,48.5,62,48.637406016,52
Suryakumar Yadav,9,Batter,Mumbai Indians,135,3594,2473,385,130,32.09,145.3295592,64.55203116,1,6,8,0,0,8,0,44.36296296,83.875,50,59.601435184,82.27777778
Hardik Pandya,9,All-rounder,Mumbai Indians,128,2525,1734,189,136,28.69,145.6170704,62.25742574,93,1418,2150,64,33.59,9.1,22.16,48.0078125,83.71429,62,64.0031265,90.94444444
Rohit Sharma,9,Batter,Mumbai Indians,252,6628,5054,599,280,29.72,131.1436486,61.49668075,32,339,453,15,30.2,8.02,22.6,44.38095238,46.71429,44,45.102382452,38.72222222
Tilak Varma,8,Batter,Mumbai Indians,38,1156,790,90,58,39.86,146.3291139,61.24567474,4,22,28,0,0,7.64,0,53,59.875,53,55.40625,64.72222222
Trent Boult,8.5,Bowler,Mumbai Indians,27,83,78,5,3,10.38,106.4102564,45.78313253,103,2337,3230,121,26.69,8.29,19.31,38.76699029,33.25,45,38.394296116,37.72222222
Naman Dhir,6.5,All-rounder,Mumbai Indians,7,140,79,12,10,23.33,177.2151899,77.14285714,3,28,55,0,0,11.79,0,49.71428571,45,35,44.385714284,52.44444444
Robin Minz,5.5,Wicketkeeper/Batter,Mumbai Indians,0,0,0,0,0,0,0,0,0,0,0,0,0,0,0,0,7,0,2.45,7
Karn Sharma,6.5,Bowler,Mumbai Indians,40,351,294,20,17,13.5,119.3877551,51.85185185,82,1495,2087,76,27.46,8.38,19.67,36.15853659,59,32,43.113414636,45
Ryan Rickelton,7.5,Batter/Wicketkeeper,Mumbai Indians,13,263,195,18,16,20.23,134.8717949,63.878327,0,0,0,0,0,0,0,38.92307692,67.25,40,49.106730768,71.61111111
Deepak Chahar,8,Bowler,Mumbai Indians,13,80,59,2,6,11.43,135.5932203,55,81,1669,2221,77,28.84,7.98,21.68,31.95061728,39.125,46,37.973996912,34.33333333
Mujeeb-ur-Rahman,7,Bowler,Mumbai Indians,7,12,15,2,0,4,80,66.66666667,19,434,592,19,31.16,8.18,22.84,33.05263158,27,0,13.5,27
Will Jacks,7.5,All-rounder,Mumbai Indians,8,230,131,16,18,32.86,175.5725191,74.7826087,5,54,100,2,50,11.11,27,61.375,48.28571,50,53.9499985,32
Ashwani Kumar,5.5,Bowler,Mumbai Indians,0,0,0,0,0,0,0,0,0,0,0,0,0,0,0,0,67.66667,0,23.6833345,75.4
Mitchell Santner,7.5,All-rounder,Mumbai Indians,11,70,71,4,3,11.67,98.5915493,48.57142857,18,366,422,15,28.13,6.92,24.4,32.44444444,38.75,43,37.290277776,39.77777778
Corbin Bosch,6,All-rounder,Mumbai Indians,6,45,57,1,1,7.5,78.94736842,22.22222222,9,174,264,13,20.3,9.1,13.3,60.66666667,0,0,24.266666668,0
Reece Topley,6.5,Bowler,Mumbai Indians,1,3,6,0,0,0,50,0,5,102,182,5,36.4,10.71,20.4,32.6,0,35,33.44,0
KL Shrijith,6,Bowler,Mumbai Indians,0,0,0,0,0,0,0,0,0,0,0,0,0,0,0,0,0,0,0,0
Raj Angad Bawa,5.5,Batter,Mumbai Indians,2,11,14,1,0,5.5,78.57142857,36.36363636,0,0,0,0,0,0,0,45,8,35,29.55,8
Satyanarayana Raju,5.5,Bowler,Mumbai Indians,0,0,0,0,0,0,0,0,0,0,0,0,0,0,0,0,20,0,7,23.5
Bevon Jacobs,6,Batter,Mumbai Indians,0,0,0,0,0,0,0,0,0,0,0,0,0,0,0,0,0,0,0,0
Arjun Tendulkar,5,Bowler,Mumbai Indians,1,13,9,0,1,13,144.4444444,46.15384615,5,73,114,3,38,9.37,24.33,23,0,7,17.4,0
Vignesh Puthur,5,Bowler,Mumbai Indians,0,0,0,0,0,0,0,0,0,0,0,0,0,0,0,0,49.5,32,40.75,40.46666667
Shashank Singh,7.5,Batter,Punjab Kings,19,423,262,33,25,35.25,161.4503817,66.66666667,3,3,25,1,25,8.33,18,44.05263158,38.125,45,42.214802632,34.22222222
Prabhsimran Singh,7.5,Batter/Wicketkeeper,Punjab Kings,34,756,517,78,41,22.24,146.2282398,73.80952381,0,0,0,0,0,0,0,40.85294118,57.875,36,45.597426472,57.94444444
Arshdeep Singh,8.5,Bowler,Punjab Kings,12,29,40,4,0,5.8,72.5,55.17241379,65,1364,2052,76,27,9.03,17.95,38.10769231,55.625,53,47.961826924,51.33333333
Shreyas Iyer,8.5,Batter,Punjab Kings,115,3127,2453,271,113,32.24,127.4765593,56.34793732,0,0,0,0,0,0,0,43.16521739,67.875,54,54.522336956,61.33333333
Yuzvendra Chahal,8.5,Bowler,Punjab Kings,20,37,86,0,0,5.29,43.02325581,0,159,3521,4602,205,22.25,7.84,17.18,41.49056604,46.75,46,44.458726416,50.44444444
Marcus Stoinis,8,All-rounder,Punjab Kings,88,1866,1314,150,91,28.27,142.0091324,61.414791,62,803,1274,43,29.63,9.52,18.67,49.86363636,24.14286,54,41.895455544,26.91666667
Glenn Maxwell,8.5,All-rounder,Punjab Kings,129,2771,1768,232,160,24.74,156.7307692,68.13424756,79,944,1303,37,35.22,8.28,25.51,45.29457364,44.83333,40,43.809494956,48.58333333
Nehal Wadhera,7.5,Batter,Punjab Kings,16,350,250,32,18,23.33,140,67.42857143,1,12,13,0,0,6.5,0,41.3125,57.14286,44,47.525001,60.47222222
Harpreet Brar,6.5,Bowler,Punjab Kings,24,233,190,19,9,21.18,122.6315789,55.79399142,39,679,895,25,35.8,7.91,27.16,29.82051282,60,36,41.928205128,67.5
Vishnu Vinod,6.5,Wicketkeeper/Batter,Punjab Kings,6,56,57,3,3,9.33,98.24561404,53.57142857,0,0,0,0,0,0,0,26.83333333,0,0,10.733333332,0
Vyshak Vijaykumar,7,Bowler,Punjab Kings,4,14,12,0,1,7,116.6666667,42.85714286,11,231,395,13,30.38,10.26,17.77,39.63636364,11,38,29.204545456,11
Yash Thakur,6.5,Bowler,Punjab Kings,0,0,0,0,0,0,0,0,19,404,691,24,28.79,10.26,16.83,40.42105263,19.5,30,30.493421052,19.5
Marco Jansen,8,All-rounder,Punjab Kings,13,66,66,5,2,9.43,100,48.48484848,21,450,715,20,35.75,9.53,22.5,35.14285714,63,51,48.857142856,64.05555556
Josh Inglis,7.5,Batter/Wicketkeeper,Punjab Kings,28,706,450,67,28,30.7,156.8888889,61.75637394,0,0,0,0,0,0,0,43.46428571,43.33333,42,43.052379784,35.27777778
Lockie Ferguson,7.5,Bowler,Punjab Kings,10,68,46,6,2,22.67,147.826087,52.94117647,45,955,1426,46,31,8.96,20.76,35.02222222,49.75,42,41.921388888,44.16666667
Azmatullah Omarzai,7.5,All-rounder,Punjab Kings,4,42,33,2,2,10,127.2727273,47.61904762,7,126,186,4,46.5,8.86,31.5,27.14285714,31,36,30.707142856,31
Harnoor Singh Pannu,5,Batter,Punjab Kings,0,0,0,0,0,0,0,0,0,0,0,0,0,0,0,0,0,0,0,0
Kuldeep Sen,6,Bowler,Punjab Kings,1,0,3,0,0,0,0,0,12,241,387,14,27.64,9.63,17.21,37.33333333,0,39,37.9166666645,0
Priyansh Arya,6.5,Batter,Punjab Kings,0,0,0,0,0,0,0,0,0,0,0,0,0,0,0,0,70.5,30,50.25,53
Aaron Hardie,7,All-rounder,Punjab Kings,8,128,99,15,3,21.33,129.2929293,60.9375,0,0,0,0,0,0,0,35.125,0,0,14.05,0
Suryansh Shedge,5.5,All-rounder,Punjab Kings,0,0,0,0,0,0,0,0,0,0,0,0,0,0,0,0,4.5,0,1.575,5
Musheer Khan,6,All-rounder,Punjab Kings,0,0,0,0,0,0,0,0,0,0,0,0,0,0,0,0,0,0,0,0
Xavier Bartlett,6.5,Bowler,Punjab Kings,2,5,10,0,0,2.5,50,0,7,142,162,11,14.73,6.85,12.91,61.71428571,45,0,22.5,46
Pyla Avinash,5.5,Batter,Punjab Kings,0,0,0,0,0,0,0,0,0,0,0,0,0,0,0,0,0,0,0,0
Pravin Dubey,6,Bowler,Punjab Kings,2,23,33,1,2,23,69.6969697,69.56521739,4,66,91,1,91,8.27,66,17.75,0,0,7.1,0
Sanju Samson,9,Batter/Wicketkeeper,Rajasthan Royals,163,4419,3180,352,206,30.69,138.9622642,59.8325413,0,0,0,0,0,0,0,43.79141104,67.28571,56,55.066562916,60.75
Yashasvi Jaiswal,9,Batter,Rajasthan Royals,52,1607,1067,198,64,32.14,150.6091846,73.17983821,1,1,6,0,0,0,0,54.96153846,84.875,54,65.190865384,86.22222222
Riyan Parag,8,All-rounder,Rajasthan Royals,58,1173,868,84,60,24.44,135.1382488,59.33503836,21,175,307,4,76.75,10.53,43.75,34.43103448,62.375,47,47.353663792,65.72222222
Dhruv Jurel,7.5,Batter/Wicketkeeper,Rajasthan Royals,22,347,229,29,16,23,151.5283843,61.09510086,0,0,0,0,0,0,0,28.81818182,51.875,41,39.933522728,44.44444444
Shimron Hetmyer,7.5,Batter,Rajasthan Royals,66,1243,812,76,82,31.08,153.0788177,64.03861625,0,0,0,0,0,0,0,32.03030303,51,34,39.162121212,51.61111111
Sandeep Sharma,7.5,Bowler,Rajasthan Royals,27,54,70,4,0,9,77.14285714,29.62962963,126,2822,3709,137,27.07,7.89,20.6,35.34920635,31.5,35,33.91468254,32.61111111
Jofra Archer,8,Bowler,Rajasthan Royals,25,199,128,12,11,15.31,155.46875,57.28643216,40,945,1171,48,24.4,7.43,19.69,46.225,51.125,42,46.88375,56.11111111
Maheesh Theekshana,7.5,Bowler,Rajasthan Royals,2,7,7,1,0,7,100,57.14285714,27,624,797,25,31.88,7.66,24.96,30.03703704,34.25,32,32.002314816,34.77777778
Wanindu Hasaranga,8.5,All-rounder,Rajasthan Royals,14,72,73,7,1,7.2,98.63013699,47.22222222,26,552,748,35,21.37,8.13,15.77,47.15384615,57.5,43,49.73653846,57.91666667
Akash Madhwal,7,Bowler,Rajasthan Royals,1,4,5,1,0,4,80,100,13,262,424,19,22.32,9.71,13.79,53.15384615,0,39,48.1999999975,0
Kumar Kartikeya,6,Bowler,Rajasthan Royals,2,9,12,1,0,4.5,75,44.44444444,2,234,329,10,32.9,8.44,23.4,166.5,27.33333,30,83.6666655,27.75
Nitish Rana,7.5,All-rounder,Rajasthan Royals,101,2636,1952,234,132,28.34,135.0409836,65.5538695,24,180,252,10,25.2,8.4,18,46.37623762,50.25,40,46.137995048,55.88888889
Tushar Deshpande,7.5,Bowler,Rajasthan Royals,4,21,14,3,2,21,150,114.2857143,36,773,1243,42,29.6,9.65,18.4,38.58333333,37,46,39.883333332,28.66666667
Shubham Dubey,5.5,Batter,Rajasthan Royals,3,33,19,1,3,16.5,173.6842105,66.66666667,0,0,0,0,0,0,0,51.66666667,23.4,33,37.106666668,14.58333333
Yudhvir Singh Charak,6.5,All-rounder,Rajasthan Royals,4,22,16,0,1,5.5,137.5,27.27272727,5,72,122,4,30.5,10.17,18,31.2,8,0,4,8
FazalHaq Farooqi,7,Bowler,Rajasthan Royals,2,3,13,2,0,0,23.07692308,266.6666667,7,152,227,6,37.83,8.96,25.33,29,6.5,32,21.875,9.25
Vaibhav Suryavanshi,5,Batter,Rajasthan Royals,0,0,0,0,0,0,0,0,0,0,0,0,0,0,0,0,72,0,25.2,72
Kwena Maphaka,6,Bowler,Rajasthan Royals,0,0,0,0,0,0,0,0,2,36,89,1,89,14.83,36,16,0,22,18.1,0
Ashok Sharma,5,Bowler,Rajasthan Royals,0,0,0,0,0,0,0,0,0,0,0,0,0,0,0,0,0,0,0,0
Kunal Singh Rathore,5,Batter/Wicketkeeper,Rajasthan Royals,0,0,0,0,0,0,0,0,0,0,0,0,0,0,0,0,0,0,0,0
Virat Kohli,9,Batter,Royal Challengers Bengaluru,244,8004,6065,705,272,38.67,131.9703215,55.62218891,26,251,368,4,92,8.8,62.75,51.88114754,75.375,76,66.133709016,70.94444444
Rajat Patidar,8,Batter,Royal Challengers Bengaluru,24,799,503,51,54,34.74,158.8469185,66.08260325,0,0,0,0,0,0,0,58.41666667,54.75,47,54.279166668,54.83333333
Yash Dayal,7,Bowler,Royal Challengers Bengaluru,1,0,1,0,0,0,0,0,28,577,920,28,32.86,9.57,20.61,32,36,42,35.9,38.61111111
Liam Livingstone,8,All-rounder,Royal Challengers Bengaluru,39,939,578,66,66,28.45,162.4567474,70.28753994,22,258,393,11,35.73,9.14,23.45,50.66666667,38.71429,42,44.316668168,36.63888889
Philip Salt,8.5,Wicketkeeper/Batter,Royal Challengers Bengaluru,21,653,372,74,34,34.37,175.5376344,76.56967841,0,0,0,0,0,0,0,59.66666667,61.75,54,58.979166668,61.55555556
Jitesh Sharma,7.5,Batter/Wicketkeeper,Royal Challengers Bengaluru,36,730,483,53,45,22.81,151.1387164,66.02739726,0,0,0,0,0,0,0,35.75,39.25,34,36.5375,42.11111111
Josh Hazlewood,8.5,Bowler,Royal Challengers Bengaluru,6,19,28,6,1,0,67.85714286,157.8947368,27,603,810,35,23.14,8.06,17.23,43.2962963,61.75,50,51.43101852,60.94444444
Rasikh Salam,6.5,Bowler,Royal Challengers Bengaluru,6,40,40,1,5,8,100,85,11,195,339,9,37.67,10.43,21.67,32.90909091,23.5,42,31.888636364,11.16666667
Suyash Sharma,6,Bowler,Royal Challengers Bengaluru,0,0,0,0,0,0,0,0,13,258,372,10,37.2,8.65,0,30.38461538,34.14286,30,31.603847152,27.36111111
Krunal Pandya,7.5,All-rounder,Royal Challengers Bengaluru,111,1647,1240,144,61,21.96,132.8225806,57.19489982,117,2122,2606,76,34.29,7.37,27.92,42.91452991,50.75,40,44.928311964,45.5
Bhuvneshwar Kumar,8,Bowler,Royal Challengers Bengaluru,68,306,326,30,3,8.74,93.86503067,45.09803922,176,3910,4929,181,27.23,7.56,21.6,35.43181818,48,40,40.972727272,49.77777778
Swapnil Singh,7,All-rounder,Royal Challengers Bengaluru,9,51,45,3,3,10.2,113.3333333,58.82352941,14,162,241,7,34.43,8.93,23.14,21.78571429,0,32,25.3607142885,0
Tim David,7.5,Batter,Royal Challengers Bengaluru,35,659,387,38,46,28.65,170.2842377,64.94688923,0,0,0,0,0,0,0,33.91428571,48.375,38,39.996964284,52.05555556
Romario Shepherd,7,All-rounder,Royal Challengers Bengaluru,9,115,63,4,7,23,182.5396825,50.43478261,8,126,257,4,64.25,12.24,31.5,36.22222222,40,0,20,40
Nuwan Thushara,7.5,Bowler,Royal Challengers Bengaluru,0,0,0,0,0,0,0,0,7,156,257,8,32.13,9.88,19.5,36.57142857,0,25,32.5214285705,0
Manoj Bhandage,6.5,All-rounder,Royal Challengers Bengaluru,0,0,0,0,0,0,0,0,0,0,0,0,0,0,0,0,0,25,6.25,0
Jacob Bethell,7,Batter,Royal Challengers Bengaluru,9,196,133,14,11,32.67,147.3684211,62.24489796,1,18,28,0,0,9.33,0,43.66666667,0,32,39.5833333355,0
Devdutt Padikkal,7,Batter,Royal Challengers Bengaluru,64,1559,1266,169,42,25.15,123.1437599,59.52533675,0,0,0,0,0,0,0,40.03125,54.14286,23.4,40.812501,52.13888889
Swastik Chikara,5.5,Batter,Royal Challengers Bengaluru,0,0,0,0,0,0,0,0,0,0,0,0,0,0,0,0,0,0,0,0
Mohit Rathee,6,All-rounder,Royal Challengers Bengaluru,1,1,2,0,0,0,50,0,1,12,29,0,0,14.5,0,76,0,0,30.4,0
Abhinandan Singh,5,Bowler,Royal Challengers Bengaluru,0,0,0,0,0,0,0,0,0,0,0,0,0,0,0,0,0,0,0,0
Lungi Ngidi,7.5,Bowler,Royal Challengers Bengaluru,0,0,0,0,0,0,0,0,14,324,448,25,17.92,8.3,12.96,62.5,0,30,51.125,0
Heinrich Klaasen,9,Batter/Wicketkeeper,Sunrisers Hyderabad,32,993,590,56,64,38.19,168.3050847,61.2286002,0,0,0,0,0,0,0,55.5,68.375,52,59.13125,66.88888889
Pat Cummins,8.5,Bowler,Sunrisers Hyderabad,41,515,344,33,34,19.81,149.7093023,65.24271845,58,1319,1923,63,30.52,8.75,20.94,49.43103448,60,50,53.272413792,57.83333333
Abhishek Sharma,8.5,All-rounder,Sunrisers Hyderabad,61,1376,887,128,73,25.48,155.1296505,69.04069767,26,270,389,11,35.36,8.64,24.55,43.90163934,71.875,51,55.466905736,75.77777778
Travis Head,9,Batter,Sunrisers Hyderabad,25,772,444,76,40,36.76,173.8738739,70.46632124,6,58,113,2,56.5,11.69,29,59.2,78.75,55,64.9925,71.72222222
K Nitish Reddy,8,All-rounder,Sunrisers Hyderabad,11,303,212,15,21,33.67,142.9245283,61.38613861,9,109,207,3,69,11.39,36.33,53.18181818,37.125,46,45.766477272,32.55555556
Mohammed Shami,8.5,Bowler,Sunrisers Hyderabad,25,74,79,6,2,5.69,93.67088608,48.64864865,110,2426,3411,127,26.86,8.44,19.1,37.94545455,30.75,42,36.44068182,30.88888889
Harshal Patel,8,Bowler,Sunrisers Hyderabad,42,249,203,16,15,9.22,122.6600985,61.84738956,103,2161,3149,135,23.33,8.74,16.01,45.85436893,60.25,54,52.929247572,63.38888889
Ishan Kishan,8,Wicketkeeper/Batter,Sunrisers Hyderabad,99,2644,1946,255,119,28.43,135.8684481,65.58245083,0,0,0,0,0,0,0,44.97979798,40.875,47,44.048169192,25.16666667
Rahul Chahar,6.5,Bowler,Sunrisers Hyderabad,24,129,124,13,5,8.06,104.0322581,63.56589147,77,1664,2141,75,28.55,7.72,22.19,33.90909091,0,36,34.6409090915,0
Adam Zampa,7.5,Bowler,Sunrisers Hyderabad,5,15,24,1,0,3,62.5,26.66666667,20,419,558,29,19.24,7.99,14.45,51.1,30,40,40.94,29
Abhinav Manohar,6.5,Batter,Sunrisers Hyderabad,15,231,174,21,10,16.5,132.7586207,62.33766234,0,0,0,0,0,0,0,30,9.75,30,22.9125,8.291666667
Wiaan Mulder,7,All-rounder,Sunrisers Hyderabad,8,105,90,8,3,17.5,116.6666667,47.61904762,10,120,195,8,24.38,9.75,15,41.1,26,0,13,26
Atharva Taide,6.5,Batter,Sunrisers Hyderabad,9,247,168,27,8,27.44,147.0238095,63.15789474,1,1,4,0,0,0,0,53.11111111,0,42,49.2222222215,0
Simarjeet- Singh,6,Bowler,Sunrisers Hyderabad,3,7,8,0,0,7,87.5,0,10,180,259,9,28.78,8.63,20,29.5,19,36,27.45,12.75
Zeeshan Ansari,5.5,Bowler,Sunrisers Hyderabad,0,0,0,0,0,0,0,0,0,0,0,0,0,0,0,0,37.33333,0,13.0666655,46.86111111
Jaydev Unadkat,7,Bowler,Sunrisers Hyderabad,32,197,166,16,7,12.31,118.6746988,53.8071066,104,2131,3189,99,32.21,8.98,21.53,33.375,6,33,23.7,6
Kamindu Mendis,7,Batter,Sunrisers Hyderabad,21,381,311,39,13,19.5,122.5080386,61.41732283,9,108,148,2,74,8.22,54,32.33333333,44.33333,32,36.449998832,44.2
Aniket Verma,5,Batter,Sunrisers Hyderabad,0,0,0,0,0,0,0,0,0,0,0,0,0,0,0,0,51.125,30,40.5625,44
Eshan Malinga,6,Bowler,Sunrisers Hyderabad,0,0,0,0,0,0,0,0,0,0,0,0,0,0,0,0,70,0,24.5,52
Sachin Baby,6.5,Batter,Sunrisers Hyderabad,11,144,118,11,5,16,122.0338983,51.38888889,2,10,8,2,4,4.8,5,32.45454545,0,23,29.1454545425,0
