Dream_11 round 1,Dream_11 round 2,Dream_11 round 3,Dream_11 round 4,Dream_11 round 5,Dream_11 round 6,Dream_11 round 7,Dream_11 round 8,Dream_11 round 9,Dream_11 round 10,AVERAGE_POINTS,Player Name,ROLLING_1,ROLLING_2,ROLLING_3,ROLLING_4,ROLLING_5,ROLLING_6,ROLLINF_7,ROLLING_8,,RECENT_FORM
121,10,119,13,5,0,0,0,0,0,53.6,Ruturaj Gaikwad,83.33333333,47.33333333,45.66666667,9,5,0,0,0,,38.06666667
43,56,88,49,30,2,84,134,76,82,64.4,Ravindra Jadeja,62.33333333,64.33333333,55.66666667,27,38.66666667,73.33333333,98,97.33333333,,64.58333333
0,64,83,42,5,0,70,6,13,74,44.625,Matheesha Pathirana,73.5,63,43.33333333,23.5,37.5,38,29.66666667,31,,42.4375
35,37,44,32,80,52,75,98,24,14,49.1,Shivam Dube,38.66666667,37.66666667,52,54.66666667,69,75,65.66666667,45.33333333,,54.75
16,80,44,62,72,5,98,12,12,34,43.5,MS Dhoni,46.66666667,62,59.33333333,46.33333333,58.33333333,38.33333333,40.66666667,19.33333333,,46.375
0,0,0,21,128,25,0,0,0,0,58,Devon Conway,0,21,74.5,58,76.5,25,0,0,,51
6,13,45,0,0,25,26,0,0,0,23,Rahul Tripathi,21.33333333,29,45,25,25.5,25.5,26,0,,28.19047619
111,79,10,7,73,8,70,10,0,0,46,Rachin Ravindra,66.66666667,32,30,29.33333333,50.33333333,29.33333333,40,10,,35.95833333
35,45,47,18,68,10,0,13,0,0,33.71428571,Ravichandran Ashwin,42.33333333,36.66666667,44.33333333,32,39,11.5,13,13,,28.97916667
106,44,78,65,68,6,48,6,46,77,54.4,Khaleel Ahmed,76,62.33333333,70.33333333,46.33333333,40.66666667,20,33.33333333,43,,49
146,98,65,35,40,56,25,4,71,65,60.5,Noor Ahmad,103,66,46.66666667,43.66666667,40.33333333,28.33333333,33.33333333,46.66666667,,51
0,0,27,108,15,53,18,4,0,0,37.5,Vijay Shankar,27,67.5,50,58.66666667,28.66666667,25,11,4,,33.97916667
12,22,0,0,0,0,0,0,86,194,78.5,Sam Curran,17,42,0,0,0,0,80,140,,69.75
0,0,0,0,0,0,70,27,2,25,31,Shaik Rasheed,0,0,0,0,70,48.5,33,18,,42.375
0,0,0,0,0,50,54,0,60,5,42.25,Anshul Kamboj,0,0,0,50,52,52,57,32.5,,48.7
0,0,0,0,0,0,0,0,72,70,71,Dewald Brevis,0,0,0,0,0,0,72,71,,71.5
0,0,0,0,0,0,0,72,74,15,53.66666667,Ayush Mhatre,0,0,0,0,0,72,73,53.66666667,,66.22222222
0,0,0,4,42,0,0,0,0,0,23,Mukesh Choudhary,0,4,23,23,42,0,0,0,,23
7,20,0,0,0,2,0,0,60,6,19,Deepak Hooda,13.5,20,0,2,2,2,60,33,,18.92857143
0,0,0,0,0,0,0,0,0,0,0,Gurjapneet Singh,0,0,0,0,0,0,0,0,,0
43,0,0,0,0,0,0,0,0,0,43,Nathan Ellis,43,0,0,0,0,0,0,0,,43
0,0,0,0,0,0,0,0,0,0,0,Ramakrishna Ghosh,0,0,0,0,0,0,0,0,,0
0,0,0,0,0,0,0,0,0,0,0,Kamlesh Nagarkoti,0,0,0,0,0,0,0,0,,0
0,0,17,0,0,0,4,10,0,0,10.33333333,Jamie Overton,17,17,17,0,4,7,7,10,,11.28571429
0,0,0,0,0,0,0,0,0,0,0,Shreyas Gopal,0,0,0,0,0,0,0,0,,0
0,0,0,0,0,0,0,0,0,0,0,Vansh Bedi,0,0,0,0,0,0,0,0,,0
0,0,0,0,0,0,0,0,0,0,0,Andre Siddharth,0,0,0,0,0,0,0,0,,0
65,25,50,40,25,129,66,80,112,168,76,Axar Patel,46.66666667,38.33333333,38.33333333,64.66666667,73.33333333,91.66666667,86,120,,69.875
82,100,41,71,88,41,50,8,14,12,50.7,Kuldeep Yadav,74.33333333,70.66666667,66.66666667,66.66666667,59.66666667,33,24,11.33333333,,50.79166667
85,47,56,72,13,70,65,12,74,15,50.9,Tristan Stubbs,62.66666667,58.33333333,47,51.66666667,49.33333333,49,50.33333333,33.66666667,,50.25
8,68,67,15,70,85,40,91,62,32,53.8,Abishek Porel,47.66666667,50,50.66666667,56.66666667,65,72,64.33333333,61.66666667,,58.5
116,153,43,17,12,58,12,53,16,124,60.4,Mitchell Starc,104,71,24,29,27.33333333,41,27,64.33333333,,48.45833333
0,41,139,203,23,72,65,101,61,15,80,Lokesh Rahul,90,127.6666667,121.6666667,99.33333333,53.33333333,79.33333333,75.66666667,59,,88.25
5,90,10,15,2,22,0,0,0,0,24,Jake Fraser-McGurk,35,38.33333333,9,13,12,22,0,0,,21.55555556
0,0,0,0,0,0,0,0,0,0,0,T Natarajan,0,0,0,0,0,0,0,0,,0
0,0,0,0,190,7,78,33,34,35,62.83333333,Karun Nair,0,0,190,98.5,91.66666667,39.33333333,48.33333333,34,,83.63888889
73,114,0,6,0,0,0,0,38,116,69.4,Faf du Plessis,93.5,60,6,6,0,0,38,77,,46.75
10,33,7,38,1,9,1,0,0,0,14.14285714,Mohit Sharma,16.66666667,26,15.33333333,16,3.666666667,5,1,0,,13.77777778
134,0,5,20,30,30,78,4,6,17,36,Ashutosh Sharma,69.5,12.5,18.33333333,26.66666667,46,37.33333333,29.33333333,9,,31.08333333
12,0,36,0,0,0,0,0,0,0,24,Sameer Rizvi,24,36,36,0,0,0,0,0,,32
31,7,42,52,44,7,38,175,5,10,41.1,Mukesh Kumar,26.66666667,33.66666667,46,34.33333333,29.66666667,73.33333333,72.66666667,63.33333333,,47.45833333
0,0,0,0,0,0,0,0,0,0,0,Darshan Nalkande,0,0,0,0,0,0,0,0,,0
101,24,66,78,104,7,12,4,24,165,58.5,Vipraj Nigam,63.66666667,56,82.66666667,63,41,7.666666667,13.33333333,64.33333333,,48.95833333
0,0,0,0,0,0,0,38,37,45,40,Dushmantha Chameera,0,0,0,0,0,38,37.5,40,,38.5
0,0,0,0,0,0,0,0,0,4,4,Donovan Ferreira,0,0,0,0,0,0,0,4,,4
0,0,0,0,0,0,0,0,0,0,0,Ajay Mandal,0,0,0,0,0,0,0,0,,0
0,0,0,0,0,0,0,0,0,0,0,Manvanth Kumar L,0,0,0,0,0,0,0,0,,0
0,0,0,0,0,0,0,0,0,0,0,Madhav Tiwari,0,0,0,0,0,0,0,0,,0
0,0,0,0,0,0,0,0,0,0,0,Tripurana Vijay,0,0,0,0,0,0,0,0,,0
33,24,4,21,114,45,7,77,54,7,38.6,Rashid-Khan,20.33333333,16.33333333,46.33333333,60,55.33333333,43,46,46,,41.66666667
73,78,28,111,34,114,15,176,148,150,92.7,Shubman Gill,59.66666667,72.33333333,57.66666667,86.33333333,54.33333333,101.6666667,113,158,,87.875
156,107,93,25,168,106,76,96,71,98,99.6,Sai Sudharsan,118.6666667,75,95.33333333,99.66666667,116.6666667,92.66666667,81,88.33333333,,95.91666667
16,10,12,12,60,2,25,10,19,16,18.2,Rahul Tewatia,12.66666667,11.33333333,28,24.66666667,29,12.33333333,18,15,,18.875
16,19,4,4,78,30,4,29,13,24,22.1,Shahrukh Khan,13,9,28.66666667,37.33333333,37.33333333,21,15.33333333,22,,22.95833333
35,46,0,0,60,0,0,0,0,48,47.25,Kagiso Rabada,40.5,46,60,60,60,0,0,48,,52.41666667
98,77,155,2,74,30,203,111,104,134,98.8,Jos Buttler,110,78,77,35.33333333,102.3333333,114.6666667,139.3333333,116.3333333,,96.625
8,90,119,151,45,3,45,55,4,82,60.2,Mohammed Siraj,72.33333333,120,105,66.33333333,31,34.33333333,34.66666667,47,,63.83333333
4,74,60,65,98,77,155,86,45,88,75.2,Prasidh Krishna,46,66.33333333,74.33333333,80,110,106,95.33333333,73,,81.375
0,0,0,0,0,0,0,0,0,0,0,Nishant Sindhu,0,0,0,0,0,0,0,0,,0
0,0,0,0,0,0,0,0,0,0,0,Mahipal Lomror,0,0,0,0,0,0,0,0,,0
0,0,0,0,0,0,0,0,0,0,0,Kumar Kushagra,0,0,0,0,0,0,0,0,,0
0,0,0,0,0,0,0,0,0,0,0,Anuj Rawat,0,0,0,0,0,0,0,0,,0
0,0,0,0,0,0,0,0,0,0,0,Manav Suthar,0,0,0,0,0,0,0,0,,0
0,0,0,93,0,65,0,40,25,34,51.4,Washington Sundar,0,93,93,79,65,52.5,32.5,33,,64
0,0,0,0,0,0,0,0,0,46,46,Gerald Coetzee,0,0,0,0,0,0,0,46,,46
34,0,35,0,38,0,45,0,0,1,30.6,Arshad Khan,34.5,35,36.5,38,41.5,45,45,1,,39.35714286
0,0,0,0,0,0,0,0,0,0,0,Gurnoor Brar Singh,0,0,0,0,0,0,0,0,,0
92,38,64,79,25,38,73,4,0,0,51.625,Sherfane Rutherford,64.66666667,60.33333333,56,47.33333333,45.33333333,38.33333333,38.5,4,,44.3125
103,36,77,71,73,4,45,41,6,7,46.3,Ravisrinivasan Sai Kishore,72,61.33333333,73.66666667,49.33333333,40.66666667,30,30.66666667,18,,46.95833333
0,17,35,11,40,0,42,40,2,40,28.375,Ishant Sharma,26,21,28.66666667,25.5,41,41,28,27.33333333,,29.8125
0,0,0,0,0,0,0,0,0,0,0,Jayant Yadav,0,0,0,0,0,0,0,0,,0
0,0,0,0,0,0,0,0,0,0,0,Glenn Phillips,0,0,0,0,0,0,0,0,,0
0,0,0,0,0,0,0,0,4,0,4,Karim Janat,0,0,0,0,0,0,4,4,,4
0,0,0,0,0,0,0,0,0,0,0,Kulwant Khejroliya,0,0,0,0,0,0,0,0,,0
28,4,31,68,98,30,6,40,44,72,42.1,Rinku Singh,21,34.33333333,65.66666667,65.33333333,44.66666667,25.33333333,30,52,,42.29166667
34,73,19,106,13,87,94,11,50,73,56,Varun Chakravarthy,42,66,46,68.66666667,64.66666667,64,51.66666667,44.66666667,,55.95833333
126,0,5,59,78,224,98,41,59,191,97.88888889,Sunil Narine,65.5,32,47.33333333,120.3333333,133.3333333,121,66,97,,85.3125
12,12,55,66,48,4,42,77,115,86,51.7,Andre Russell,26.33333333,44.33333333,56.33333333,39.33333333,31.33333333,41,78,92.66666667,,51.16666667
15,81,15,58,88,87,116,36,2,14,51.2,Harshit Rana,37,51.33333333,53.66666667,77.66666667,97,79.66666667,51.33333333,17.33333333,,58.125
18,4,48,4,6,4,30,13,4,0,14.55555556,Ramandeep Singh,23.33333333,18.66666667,19.33333333,4.666666667,13.33333333,15.66666667,15.66666667,8.5,,14.89583333
14,4,7,140,88,4,25,18,30,15,34.5,Venkatesh Iyer,8.333333333,50.33333333,78.33333333,77.33333333,39,15.66666667,24.33333333,21,,39.29166667
12,193,5,5,38,55,14,0,0,0,46,Quinton de Kock,70,67.66666667,16,32.66666667,35.66666667,34.5,14,0,,38.64285714
0,0,0,0,0,0,0,13,18,74,35,Rahmanullah Gurbaz,0,0,0,0,0,13,15.5,35,,21.16666667
0,0,0,0,0,0,50,0,0,0,50,Anrich Nortje,0,0,0,0,50,50,50,0,,50
54,42,56,98,13,0,74,59,63,78,59.66666667,Angkrish Raghuvanshi,50.66666667,65.33333333,55.66666667,55.5,43.5,66.5,65.33333333,66.66666667,,58.64583333
27,71,0,107,14,60,60,40,81,48,56.44444444,Vaibhav Arora,49,89,60.5,60.33333333,44.66666667,53.33333333,60.33333333,56.33333333,,59.1875
0,0,0,0,0,0,0,0,0,0,0,Chetan Sakariya,0,0,0,0,0,0,0,0,,0
0,0,0,0,0,0,0,0,0,0,0,Mayank Markande,0,0,0,0,0,0,0,0,,0
0,0,0,0,0,0,0,0,12,13,12.5,Rovman Powell,0,0,0,0,0,0,12,12.5,,12.25
0,0,39,0,0,0,0,0,0,0,39,Manish Pandey,39,39,39,0,0,0,0,0,,39
14,44,14,0,1,0,0,0,0,0,18.25,Spencer Johnson,24,29,7.5,1,1,0,0,0,,20.16666667
0,0,0,0,0,0,0,0,0,0,0,Luvnith Sisodia,0,0,0,0,0,0,0,0,,0
122,40,33,84,124,42,38,90,94,62,72.9,Ajinkya Rahane,65,52.33333333,80.33333333,83.33333333,68,56.66666667,74,82,,70.20833333
0,0,0,0,0,0,0,0,0,42,42,Anukul Sudhakar Roy,0,0,0,0,0,0,0,42,,42
0,70,0,12,0,77,0,8,0,0,41.75,Moeen Ali,70,41,12,44.5,77,42.5,8,8,,37.875
0,0,0,0,0,0,0,0,0,0,0,Umran Malik,0,0,0,0,0,0,0,0,,0
179,156,86,26,193,133,30,23,21,71,91.8,Nicholas Pooran,140.3333333,89.33333333,101.6666667,117.3333333,118.6666667,62,24.66666667,38.33333333,,86.54166667
56,43,12,22,28,78,84,13,4,64,40.4,Ravi Bishnoi,37,25.66666667,20.66666667,42.66666667,63.33333333,58.33333333,33.66666667,27,,38.54166667
0,0,0,0,0,0,0,0,0,82,82,Mayank Yadav,0,0,0,0,0,0,0,82,,82
0,0,0,0,0,0,0,0,0,0,0,Mohsin Khan,0,0,0,0,0,0,0,0,,0
16,22,71,58,4,52,42,90,74,75,50.4,Ayush Badoni,36.33333333,50.33333333,44.33333333,38,32.66666667,61.33333333,68.66666667,79.66666667,,51.41666667
24,33,6,6,12,42,116,19,2,12,27.2,Rishabh Pant,21,15,8,20,56.66666667,59,45.66666667,11,,29.54166667
61,33,35,59,16,9,4,11,30,52,31,David Miller,43,42.33333333,36.66666667,28,9.666666667,8,15,31,,26.70833333
150,108,2,125,156,0,58,8,71,76,83.77777778,Mitchell Marsh,86.66666667,78.33333333,94.33333333,140.5,107,33,45.66666667,51.66666667,,79.64583333
29,5,62,99,116,134,68,152,164,21,85,Aiden Markram,32,55.33333333,92.33333333,116.3333333,106,118,128,112.3333333,,95.04166667
0,30,7,37,36,42,48,128,15,68,45.66666667,Avesh Khan,18.5,24.66666667,26.66666667,38.33333333,42,72.66666667,63.66666667,70.33333333,,44.60416667
0,54,62,20,17,7,42,68,6,6,31.33333333,Abdul Samad,58,45.33333333,33,14.66666667,22,39,38.66666667,26.66666667,,34.66666667
0,0,0,0,0,0,0,0,0,0,0,Aryan Juyal,0,0,0,0,0,0,0,0,,0
0,0,0,32,65,6,6,0,0,0,27.25,Akash Deep,0,32,48.5,34.33333333,25.66666667,6,6,0,,25.41666667
0,0,0,0,0,4,4,0,0,0,4,Himmat Singh,0,0,0,4,4,4,4,0,,4
79,0,7,0,13,0,0,0,0,0,33,Manimaran Siddharth,43,7,10,13,13,0,0,0,,17.2
64,43,64,49,42,42,48,11,14,36,41.3,Digvesh Singh,57,52,51.66666667,44.33333333,44,33.66666667,24.33333333,20.33333333,,40.91666667
18,0,0,0,0,0,0,0,0,0,18,Shahbaz Ahmed,18,0,0,0,0,0,0,0,,18
0,0,0,0,0,0,0,0,0,0,0,Akash Singh,0,0,0,0,0,0,0,0,,0
0,0,0,0,0,0,0,0,0,0,0,Shamar Joseph,0,0,0,0,0,0,0,0,,0
11,56,0,0,0,0,0,14,10,68,31.8,Prince Yadav,33.5,56,0,0,0,14,12,30.66666667,,29.23333333
0,0,0,0,0,0,0,0,0,0,0,Yuvraj Chaudhary,0,0,0,0,0,0,0,0,,0
0,0,0,0,0,0,0,0,0,0,0,Rajvardhan Hangargekar,0,0,0,0,0,0,0,0,,0
0,0,0,0,0,0,0,0,0,0,0,Arshin Kulkarni,0,0,0,0,0,0,0,0,,0
59,123,15,41,58,89,15,45,1,0,49.55555556,Shardul Thakur,65.66666667,59.66666667,38,62.66666667,54,49.66666667,20.33333333,23,,46.625
0,0,0,0,0,0,0,0,0,0,0,Matthew Breetzke,0,0,0,0,0,0,0,0,,0
0,0,0,0,17,43,54,80,42,166,67,Jasprit Bumrah,0,0,17,30,38,59,58.66666667,96,,49.77777778
51,90,59,125,56,90,60,140,86,120,87.7,Suryakumar Yadav,66.66666667,91.33333333,80,90.33333333,68.66666667,96.66666667,95.33333333,115.3333333,,88.04166667
0,95,47,203,146,8,77,10,39,11,70.66666667,Hardik Pandya,71,115,132,119,77,31.66666667,42,20,,75.95833333
2,20,23,0,40,38,56,148,136,28,54.55555556,Rohit Sharma,15,21.5,31.5,39,44.66666667,80.66666667,113.3333333,104,,56.20833333
67,73,12,41,114,119,41,12,14,22,51.5,Tilak Varma,50.66666667,42,55.66666667,91.33333333,91.33333333,57.33333333,22.33333333,16,,53.33333333
9,43,55,38,65,7,40,9,154,121,54.1,Trent Boult,35.66666667,45.33333333,52.66666667,36.66666667,37.33333333,18.66666667,67.66666667,94.66666667,,48.58333333
40,46,32,110,34,92,2,4,12,67,43.9,Naman Dhir,39.33333333,62.66666667,58.66666667,78.66666667,42.66666667,32.66666667,6,27.66666667,,43.54166667
7,7,0,0,0,0,0,0,0,0,7,Robin Minz,7,7,0,0,0,0,0,0,,7
0,0,0,0,0,114,4,0,0,8,42,Karn Sharma,0,0,0,114,59,59,4,8,,48.8
43,34,132,30,51,109,73,66,40,124,70.2,Ryan Rickelton,69.66666667,65.33333333,71,63.33333333,77.66666667,82.66666667,59.66666667,76.66666667,,70.75
92,38,60,10,17,42,9,45,87,7,40.7,Deepak Chahar,63.33333333,36,29,23,22.66666667,32,47,46.33333333,,37.41666667
0,27,0,0,0,0,0,0,0,0,27,Mujeeb-ur-Rahman,27,27,0,0,0,0,0,0,,27
71,0,26,9,52,20,145,15,40,129,56.33333333,Will Jacks,48.5,17.5,29,27,72.33333333,60,66.66666667,61.33333333,,47.79166667
0,0,146,28,0,0,0,29,0,0,67.66666667,Ashwani Kumar,146,87,87,28,0,29,29,29,,62.14285714
20,51,45,15,25,86,13,55,27,0,37.44444444,Mitchell Santner,38.66666667,37,28.33333333,42,41.33333333,51.33333333,31.66666667,41,,38.91666667
0,0,0,0,0,0,0,0,0,106,106,Corbin Bosch,0,0,0,0,0,0,0,106,,106
0,0,0,0,0,0,0,0,0,0,0,Reece Topley,0,0,0,0,0,0,0,0,,0
0,0,0,0,0,0,0,0,0,0,0,KL Shrijith,0,0,0,0,0,0,0,0,,0
0,0,0,12,4,0,0,0,0,0,8,Raj Angad Bawa,0,12,8,8,4,0,0,0,,8
13,27,0,0,0,0,0,0,0,0,20,Satyanarayana Raju,20,27,0,0,0,0,0,0,,23.5
0,0,0,0,0,0,0,0,0,0,0,Bevon Jacobs,0,0,0,0,0,0,0,0,,0
0,0,0,0,0,0,0,0,0,0,0,Arjun Tendulkar,0,0,0,0,0,0,0,0,,0
92,0,31,45,30,0,0,0,14,0,42.4,Vignesh Puthur,61.5,38,35.33333333,37.5,30,0,14,14,,32.9047619
102,4,14,102,3,32,5,43,4,65,37.4,Shashank Singh,40,40,39.66666667,45.66666667,13.33333333,26.66666667,17.33333333,37.33333333,,32.5
13,149,29,14,90,70,25,73,164,108,73.5,Prabhsimran Singh,63.66666667,64,44.33333333,58,61.66666667,56,87.33333333,115,,68.75
85,89,40,10,45,64,72,40,44,76,56.5,Arshdeep Singh,71.33333333,46.33333333,31.66666667,39.66666667,60.33333333,58.66666667,52,53.33333333,,51.66666667
193,106,30,19,164,10,9,12,47,140,73,Shreyas Iyer,109.6666667,51.66666667,71,64.33333333,61,10.33333333,22.66666667,66.33333333,,57.125
4,45,4,12,32,158,77,42,46,143,56.3,Yuzvendra Chahal,17.66666667,20.33333333,16,67.33333333,89,92.33333333,55,77,,54.33333333
43,9,5,10,78,0,17,7,0,0,24.14285714,Marcus Stoinis,19,8,31,44,47.5,12,12,7,,22.5625
24,53,77,38,12,65,0,0,15,0,40.57142857,Glenn Maxwell,51.33333333,56,42.33333333,38.33333333,38.5,65,15,15,,40.1875
0,93,112,19,50,23,85,18,4,21,47.22222222,Nehal Wadhera,102.5,74.66666667,60.33333333,30.66666667,52.66666667,42,35.66666667,14.33333333,,51.60416667
0,0,0,0,0,0,75,45,49,37,51.5,Harpreet Brar,0,0,0,0,75,60,56.33333333,43.66666667,,58.75
0,0,0,0,0,0,0,0,0,0,0,Vishnu Vinod,0,0,0,0,0,0,0,0,,0
11,0,0,0,0,0,0,0,0,0,11,Vyshak Vijaykumar,11,0,0,0,0,0,0,0,,11
0,0,0,38,1,0,0,0,0,0,19.5,Yash Thakur,0,38,19.5,19.5,1,0,0,0,,25.66666667
41,48,35,68,5,140,105,62,73,93,67,Marco Jansen,41.33333333,50.33333333,36,71,83.33333333,102.3333333,80,76,,67.54166667
0,0,0,0,0,30,35,65,23,30,36.6,Josh Inglis,0,0,0,30,32.5,43.33333333,41,39.33333333,,37.23333333
0,44,80,70,5,0,0,0,0,0,49.75,Lockie Ferguson,62,64.66666667,51.66666667,37.5,5,0,0,0,,44.16666667
31,0,0,0,0,0,0,0,0,50,40.5,Azmatullah Omarzai,31,0,0,0,0,0,0,50,,40.5
0,0,0,0,0,0,0,0,0,0,0,Harnoor Singh Pannu,0,0,0,0,0,0,0,0,,0
0,0,0,0,0,0,0,0,0,0,0,Kuldeep Sen,0,0,0,0,0,0,0,0,,0
109,24,2,211,82,50,40,46,143,59,76.6,Priyansh Arya,45,79,98.33333333,114.3333333,57.33333333,45.33333333,76.33333333,82.66666667,,74.79166667
0,0,0,0,0,0,0,0,0,0,0,Aaron Hardie,0,0,0,0,0,0,0,0,,0
4,4,4,0,0,6,0,0,4,0,4.4,Suryansh Shedge,4,4,4,6,6,6,4,4,,4.75
0,0,0,0,0,0,0,0,0,0,0,Musheer Khan,0,0,0,0,0,0,0,0,,0
0,0,0,0,0,64,59,12,0,0,45,Xavier Bartlett,0,0,0,64,61.5,45,35.5,12,,43.6
0,0,0,0,0,0,0,0,0,0,0,Pyla Avinash,0,0,0,0,0,0,0,0,,0
0,0,0,0,0,0,0,0,0,0,0,Pravin Dubey,0,0,0,0,0,0,0,0,,0
136,25,34,72,109,25,70,0,0,0,67.28571429,Sanju Samson,65,43.66666667,71.66666667,68.66666667,68,47.5,70,0,,62.07142857
12,87,20,131,32,155,110,132,110,136,92.5,Yashasvi Jaiswal,39.66666667,79.33333333,61,106,99,132.3333333,117.3333333,126,,95.08333333
28,70,75,87,72,60,26,81,55,82,63.6,Riyan Parag,57.66666667,77.33333333,78,73,52.66666667,55.66666667,54,72.66666667,,65.125
144,61,15,35,14,68,60,18,102,4,52.1,Dhruv Jurel,73.33333333,37,21.33333333,39,47.33333333,48.66666667,60,41.33333333,,46
92,15,49,58,112,18,32,32,33,12,45.3,Shimron Hetmyer,52,40.66666667,73,62.66666667,54,27.33333333,32.33333333,25.66666667,,45.95833333
28,12,29,74,40,10,17,42,56,41,34.9,Sandeep Sharma,23,38.33333333,47.66666667,41.33333333,22.33333333,23,38.33333333,46.33333333,,35.04166667
8,33,60,115,54,16,78,45,46,42,49.7,Jofra Archer,33.66666667,69.33333333,76.33333333,61.66666667,49.33333333,46.33333333,56.33333333,44.33333333,,54.66666667
56,22,10,65,66,4,40,11,0,68,38,Maheesh Theekshana,29.33333333,32.33333333,47,45,36.66666667,18.33333333,25.5,39.5,,34.20833333
0,31,136,49,0,7,50,72,40,9,49.25,Wanindu Hasaranga,83.5,72,92.5,28,28.5,43,54,40.33333333,,55.22916667
0,0,0,0,0,0,0,0,0,0,0,Akash Madhwal,0,0,0,0,0,0,0,0,,0
0,0,7,35,0,40,0,0,0,0,27.33333333,Kumar Kartikeya,7,21,21,37.5,40,40,0,0,,27.75
23,12,173,23,35,12,106,18,70,12,48.4,Nitish Rana,69.33333333,69.33333333,77,23.33333333,51,45.33333333,64.66666667,33.33333333,,54.16666667
89,16,9,0,58,5,0,45,1,0,31.85714286,Tushar Deshpande,38,12.5,33.5,31.5,31.5,25,23,23,,27.25
76,17,0,0,5,0,4,15,26,0,23.83333333,Shubham Dubey,46.5,17,5,5,4.5,9.5,15,20.5,,15.375
0,0,0,8,0,0,0,0,0,4,6,Yudhvir Singh Charak,0,8,8,8,0,0,0,4,,7
1,0,0,0,12,0,0,0,7,0,6.666666667,FazalHaq Farooqi,1,0,12,12,12,0,7,7,,10
0,0,0,0,0,0,0,72,34,221,109,Vaibhav Suryavanshi,0,0,0,0,0,72,53,109,,78
0,0,0,0,0,0,0,0,0,0,0,Kwena Maphaka,0,0,0,0,0,0,0,0,,0
0,0,0,0,0,0,0,0,0,0,0,Ashok Sharma,0,0,0,0,0,0,0,0,,0
0,0,0,0,0,0,0,0,0,0,0,Kunal Singh Rathore,0,0,0,0,0,0,0,0,,0
109,53,15,135,46,112,5,128,130,93,82.6,Virat Kohli,59,67.66666667,65.33333333,97.66666667,54.33333333,81.66666667,87.66666667,117,,78.79166667
74,101,24,126,51,4,38,20,13,14,46.5,Rajat Patidar,66.33333333,83.66666667,67,60.33333333,31,20.66666667,23.66666667,15.66666667,,46.04166667
36,78,13,74,30,43,9,5,37,42,36.7,Yash Dayal,42.33333333,55,39,49,27.33333333,19,17,28,,34.58333333
37,77,112,18,8,7,12,0,0,0,38.71428571,Liam Livingstone,75.33333333,69,46,11,9,9.5,12,0,,33.11904762
122,100,28,20,95,104,20,5,58,0,61.33333333,Philip Salt,83.33333333,49.33333333,47.66666667,73,73,43,27.66666667,31.5,,53.5625
40,34,79,86,17,16,14,28,80,12,40.6,Jitesh Sharma,51,66.33333333,60.66666667,39.66666667,15.66666667,19.33333333,40.66666667,40,,41.66666667
74,102,35,74,35,49,115,10,148,90,73.2,Josh Hazlewood,70.33333333,70.33333333,48,52.66666667,66.33333333,58,91,82.66666667,,67.41666667
42,0,5,0,0,0,0,0,0,0,23.5,Rasikh Salam,23.5,5,5,0,0,0,0,0,,11.16666667
41,14,0,15,48,9,22,90,12,16,29.66666667,Suyash Sharma,27.5,14.5,31.5,24,26.33333333,40.33333333,41.33333333,39.33333333,,30.60416667
107,8,12,117,28,42,7,85,72,170,64.8,Krunal Pandya,42.33333333,45.66666667,52.33333333,62.33333333,25.66666667,44.66666667,54.66666667,109,,54.58333333
0,40,46,36,72,42,85,15,55,130,57.88888889,Bhuvneshwar Kumar,43,40.66666667,51.33333333,50,66.33333333,47.33333333,51.66666667,66.66666667,,52.125
0,0,0,0,0,0,0,0,0,0,0,Swapnil Singh,0,0,0,0,0,0,0,0,,0
4,48,70,21,92,4,128,20,52,41,48,Tim David,40.66666667,46.33333333,61,39,74.66666667,50.66666667,66.66666667,37.66666667,,52.08333333
0,0,0,0,0,0,0,40,14,4,19.33333333,Romario Shepherd,0,0,0,0,0,40,27,19.33333333,,28.77777778
0,0,0,0,0,0,0,0,0,0,0,Nuwan Thushara,0,0,0,0,0,0,0,0,,0
0,0,0,0,0,0,0,0,0,0,0,Manoj Bhandage,0,0,0,0,0,0,0,0,,0
0,0,0,0,0,0,0,0,58,67,62.5,Jacob Bethell,0,0,0,0,0,0,58,62.5,,60.25
18,61,12,75,4,84,0,125,102,2,53.66666667,Devdutt Padikkal,30.33333333,49.33333333,30.33333333,54.33333333,44,104.5,113.5,76.33333333,,62.83333333
0,0,0,0,0,0,0,0,0,0,0,Swastik Chikara,0,0,0,0,0,0,0,0,,0
0,0,0,0,0,0,0,0,0,0,0,Mohit Rathee,0,0,0,0,0,0,0,0,,0
0,0,0,0,0,0,0,0,0,0,0,Abhinandan Singh,0,0,0,0,0,0,0,0,,0
0,0,0,0,0,0,0,0,0,0,0,Lungi Ngidi,0,0,0,0,0,0,0,0,,0
82,52,64,93,69,41,71,135,23,51,68.1,Heinrich Klaasen,66,69.66666667,75.33333333,67.66666667,60.33333333,82.33333333,76.33333333,69.66666667,,70.91666667
18,115,2,60,78,19,128,10,77,67,57.4,Pat Cummins,45,59,46.66666667,52.33333333,75,52.33333333,71.66666667,51.33333333,,56.66666667
60,17,9,6,39,293,78,26,38,154,72,Abhishek Sharma,28.66666667,10.66666667,18,112.6666667,136.6666667,132.3333333,47.33333333,72.66666667,,69.875
139,97,48,12,40,150,64,2,40,40,63.2,Travis Head,94.66666667,52.33333333,33.33333333,67.33333333,84.66666667,72,35.33333333,27.33333333,,58.375
66,56,2,37,52,12,27,6,40,55,35.3,K Nitish Reddy,41.33333333,31.66666667,30.33333333,33.66666667,30.33333333,15,24.33333333,33.66666667,,30.04166667
35,37,10,42,78,1,11,0,50,1,29.44444444,Mohammed Shami,27.33333333,29.66666667,43.33333333,40.33333333,30,6,30.5,25.5,,29.08333333
61,45,20,44,70,154,38,13,150,5,60,Harshal Patel,42,36.33333333,44.66666667,89.33333333,87.33333333,68.33333333,67,56,,61.375
220,2,6,6,30,17,6,5,86,17,39.5,Ishan Kishan,76,4.666666667,14,17.66666667,17.66666667,9.333333333,32.33333333,36,,25.95833333
0,0,0,0,0,0,0,0,0,0,0,Rahul Chahar,0,0,0,0,0,0,0,0,,0
32,28,0,0,0,0,0,0,0,0,30,Adam Zampa,30,28,0,0,0,0,0,0,,29
18,3,8,0,0,0,0,85,0,0,28.5,Abhinav Manohar,9.666666667,5.5,8,0,0,85,85,85,,46.36111111
0,0,26,0,0,0,0,0,0,0,26,Wiaan Mulder,26,26,26,0,0,0,0,0,,26
0,0,0,0,0,0,0,0,0,40,40,Atharva Taide,0,0,0,0,0,0,0,40,,40
56,6,0,7,6,0,0,0,0,0,18.75,Simarjeet- Singh,31,6.5,6.5,6.5,6,0,0,0,,11.3
0,0,102,43,8,6,25,40,9,36,33.625,Zeeshan Ansari,102,72.5,51,19,13,23.66666667,24.66666667,28.33333333,,41.77083333
0,0,0,0,6,0,0,50,72,64,48,Jaydev Unadkat,0,0,6,6,6,50,61,62,,31.83333333
0,0,0,80,8,0,0,0,108,3,49.75,Kamindu Mendis,0,80,44,44,8,0,108,55.5,,56.58333333
17,80,148,22,48,4,38,20,43,15,43.5,Aniket Verma,81.66666667,83.33333333,72.66666667,24.66666667,30,20.66666667,33.66666667,26,,46.58333333
0,0,0,0,0,75,79,40,0,2,49,Eshan Malinga,0,0,0,75,77,64.66666667,59.5,21,,59.43333333
0,0,0,0,0,0,0,0,0,0,0,Sachin Baby,0,0,0,0,0,0,0,0,,0