Player Name,Credits,Player Type,Team,Innings,Runs,Balls Faced,Fours,Sixes,Batting Average,Strike Rate,Boundary_Percentage,Innings_X,Balls Bowled,Runs_Conceded,Wickets,Bowling  Average,Economy Rate,Bowling  Strike_rate,Dream11_Avg,AVERAGE_POINTS,Dream_11_2024_avg,Weighted_Score,RECENT_FORM
Ruturaj Gaikwad,9,Batter,Chennai Super Kings,65,2380,1739,217,91,41.75,136.8602645,59.41176471,0,0,0,0,0,0,0,60.67692,53.6,74.93,61.6187524,38.06667
Ravindra Jadeja,8.5,All-rounder,Chennai Super Kings,184,2959,2281,215,107,27.4,129.7238053,50.76039202,211,3829,4864,160,30.4,7.62,23.93,45.40758,64.4,56.43,53.7201626,64.58333
Matheesha Pathirana,8.5,Bowler,Chennai Super Kings,0,0,0,0,0,0,0,0,20,451,592,34,17.41,7.88,13.26,58.15,44.625,72.33,57.07685,42.4375
Shivam Dube,8,Batter,Chennai Super Kings,61,1502,1024,86,101,30.04,146.6796875,63.24900133,14,112,180,5,36,9.64,22.4,42.81967,49.1,55.71,47.6024449,54.75
MS Dhoni,7,Batter/Wicketkeeper,Chennai Super Kings,229,5243,3812,363,252,39.13,137.5393494,56.53251955,0,0,0,0,0,0,0,36.49345,43.5,32,37.6769215,46.375
Devon Conway,8,Batter/Wicketkeeper,Chennai Super Kings,22,924,654,99,30,48.63,141.2844037,62.33766234,0,0,0,0,0,0,0,75,58,52,64.67,51
Rahul Tripathi,7.5,Batter,Chennai Super Kings,93,2236,1605,223,84,26.94,139.3146417,62.43291592,1,6,12,0,0,12,0,39.86022,23,52.5,37.4143034,28.19048
Rachin Ravindra,8,Batter,Chennai Super Kings,10,222,138,22,12,22.2,160.8695652,72.07207207,2,12,7,0,0,3.5,0,48.2,46,48.5,47.584,35.95833
Ravichandran Ashwin,8,All-rounder,Chennai Super Kings,94,800,675,61,28,13.33,118.5185185,51.5,208,4524,5369,180,29.83,7.12,25.13,33.51923,33.71429,35.14,33.936268,28.97917
Khaleel Ahmed,7.5,Bowler,Chennai Super Kings,5,1,7,0,0,0.2,14.28571429,0,57,1276,1881,74,25.42,8.84,17.24,41.5614,54.4,40.5,45.307858,49
Noor Ahmad,7.5,Bowler,Chennai Super Kings,7,13,18,2,0,3.25,72.22222222,61.53846154,23,492,659,24,27.46,8.04,19,34.30435,60.5,38,43.2380445,51
Vijay Shankar,6.5,Batter,Chennai Super Kings,60,1115,859,80,45,25.34,129.8020955,52.91479821,22,238,344,9,38.22,8.67,26.44,33.21667,37.5,24,32.5168349,33.97917
Sam Curran,7.5,All-rounder,Chennai Super Kings,48,883,647,74,37,25.23,136.4760433,58.66364666,58,1181,1900,58,32.76,9.65,20.36,56.15517,78.5,60,63.9279299,69.75
Shaik Rasheed,5,Batter,Chennai Super Kings,0,0,0,0,0,0,0,0,0,0,0,0,0,0,0,0,31,0,20.15,42.375
Anshul Kamboj,6,Bowler,Chennai Super Kings,1,2,2,0,0,0,100,0,3,60,114,2,57,11.4,30,22,42.25,30,30.0375,48.7
Dewald Brevis,6,Batter,Chennai Super Kings,10,230,172,17,16,23,133.73,71.3,1,3,8,1,8,0,3,43,71,45,52.12,71.5
Ayush Mhatre,5,Batter,Chennai Super Kings,0,0,0,0,0,0,0,0,0,0,0,0,0,0,0,0,53.66667,0,50,66.22222
Mukesh Choudhary,6.5,Bowler,Chennai Super Kings,2,6,6,1,0,6,100,66.66666667,14,279,451,16,28.19,9.7,17.44,37.28571,23,35,32.3542837,23
Deepak Hooda,7,Batter,Chennai Super Kings,96,1465,1131,96,61,18.31,129.5313882,51.19453925,33,373,531,10,53.1,8.54,37.3,26.40625,19,28,24.4609375,18.92857
Gurjapneet Singh,6,Bowler,Chennai Super Kings,0,0,0,0,0,0,0,0,0,0,0,0,0,0,0,0,0,0,0,0
Nathan Ellis,7,Bowler,Chennai Super Kings,5,19,25,0,1,4.75,76,31.57894737,16,354,508,18,28.22,8.61,19.67,37.5625,43,40,39.784375,43
Ramakrishna Ghosh,5.5,All-rounder,Chennai Super Kings,0,0,0,0,0,0,0,0,0,0,0,0,0,0,0,0,0,0,0,0
Kamlesh Nagarkoti,6,Bowler,Chennai Super Kings,7,22,33,1,0,5.5,66.66666667,18.18181818,11,180,285,5,57,9.5,36,16.90909,0,0,16.90909,0
Jamie Overton,6.5,All-rounder,Chennai Super Kings,8,50,47,3,1,8.33,106.3829787,36,8,136,186,11,16.91,8.21,12.36,61.875,10.33333,35,39.9845823,11.28571
Shreyas Gopal,6.5,Bowler,Chennai Super Kings,22,180,169,19,2,12.86,106.5088757,48.88888889,51,991,1348,52,25.92,8.16,19.06,37.88235,0,34,34.8235275,0
Vansh Bedi,5,Batter/Wicketkeeper,Chennai Super Kings,0,0,0,0,0,0,0,0,0,0,0,0,0,0,0,0,0,0,0,0
Andre Siddharth,5.5,Batter,Chennai Super Kings,0,0,0,0,0,0,0,0,0,0,0,0,0,0,0,0,0,0,0,0
Axar Patel,9,Bowler,Delhi Capitals,113,1653,1263,107,79,21.47,130.8788599,54.56745312,148,3099,3758,123,30.55,7.28,25.2,43.85811,76,62,57.8133117,69.875
Kuldeep Yadav,8.5,Bowler,Delhi Capitals,33,183,216,16,3,15.25,84.72222222,44.80874317,82,1746,2388,87,27.45,8.21,20.07,37.18293,50.7,60,46.3929771,50.79167
Tristan Stubbs,8,Batter,Delhi Capitals,17,405,233,26,26,36.82,173.8197425,64.19753086,3,24,29,4,7.25,7.25,6,56.94118,50.9,58,55.3013546,50.25
Abishek Porel,6.5,Batter/Wicketkeeper,Delhi Capitals,16,360,236,37,15,25.71,152.5423729,66.11111111,0,0,0,0,0,0,0,42.0625,53.8,42,45.687375,58.5
Mitchell Starc,8.5,Bowler,Delhi Capitals,17,105,109,11,0,11.67,96.33027523,41.9047619,39,831,1137,51,22.29,8.21,16.29,45.66667,60.4,57,52.7273349,48.45833
Lokesh Rahul,9,Batter/Wicketkeeper,Delhi Capitals,123,4683,3479,400,187,45.47,134.6076459,58.12513346,0,0,0,0,0,0,0,61.42276,80,65,67.9686972,88.25
Jake Fraser-McGurk,7.5,Batter,Delhi Capitals,9,330,141,32,28,36.67,234.0425532,89.6969697,0,0,0,0,0,0,0,59,24,65,49.47,21.55556
T Natarajan,7.5,Bowler,Delhi Capitals,4,3,5,0,0,0,60,0,61,1337,1969,67,29.39,8.84,19.96,35.19672,0,52,38.477868,0
Karun Nair,7,Batter,Delhi Capitals,68,1496,1171,161,39,23.75,127.7540564,58.68983957,0,0,0,0,0,0,0,36.01471,62.83333,32,43.445246,83.63889
Faf du Plessis,8.5,Batter,Delhi Capitals,138,4571,3352,421,167,35.99,136.3663484,58.76175891,1,6,16,0,0,16,0,53.67391,69.4,50,57.7407377,46.75
Mohit Sharma,7.5,Bowler,Delhi Capitals,31,124,133,8,4,7.29,93.23308271,45.16129032,111,2253,3256,132,24.67,8.67,17.07,39.67568,14.14286,42,32.2718562,13.77778
Ashutosh Sharma,7,Batter,Delhi Capitals,9,189,113,10,15,27,167.2566372,68.78306878,0,0,0,0,0,0,0,46.55556,36,45,42.9411132,31.08333
Sameer Rizvi,6.5,Batter,Delhi Capitals,5,51,43,4,2,12.75,118.6046512,54.90196078,0,0,0,0,0,0,0,30.8,24,21,26.536,32
Mukesh Kumar,7,Bowler,Delhi Capitals,5,10,18,0,0,10,55.55555556,0,20,399,694,24,28.92,10.44,16.63,38.9,41.1,50,42.024,38
Darshan Nalkande,6.5,Bowler,Delhi Capitals,2,12,12,0,1,6,100,50,6,84,148,6,24.67,10.57,14,47.5,0,32,40.475,0
Vipraj Nigam,5,Bowler,Delhi Capitals,0,0,0,0,0,0,0,0,0,0,0,0,0,0,0,0,58.5,0,38.025,48.95833
Dushmantha Chameera,7,Bowler,Delhi Capitals,8,43,28,3,3,10.75,153.5714286,69.76744186,13,282,432,9,48,9.19,31.33,27.76923,40,15,28.7515381,38.5
Donovan Ferreira,7,Batter,Delhi Capitals,0,0,0,0,0,0,0,0,0,0,0,0,0,0,0,0,4,18,8.9,4
Ajay Mandal,6.5,All-rounder,Delhi Capitals,0,0,0,0,0,0,0,0,0,0,0,0,0,0,0,0,0,0,0,0
Manvanth Kumar L,5.5,All-rounder,Delhi Capitals,0,0,0,0,0,0,0,0,0,0,0,0,0,0,0,0,0,0,0,0
Madhav Tiwari,5,All-rounder,Delhi Capitals,0,0,0,0,0,0,0,0,0,0,0,0,0,0,0,0,0,0,0,0
Tripurana Vijay,5.5,Bowler,Delhi Capitals,0,0,0,0,0,0,0,0,0,0,0,0,0,0,0,0,0,0,0,0
Rashid-Khan,9,Bowler,Gujarat Titans,60,545,337,39,38,14.73,161.7210682,70.4587156,121,2859,3252,149,21.83,6.82,19.19,47.28926,38.6,50,45.1919522,41.66667
Shubman Gill,9,Batter,Gujarat Titans,100,3216,2370,310,95,37.84,135.6962025,56.28109453,0,0,0,0,0,0,0,51.76,92.7,56,65.3842,87.875
Sai Sudharsan,8,Batter,Gujarat Titans,25,1034,743,95,31,47,139.1655451,54.73887814,0,0,0,0,0,0,0,70,99.6,64,77.856,95.91667
Rahul Tewatia,7,All-rounder,Gujarat Titans,65,1013,752,84,47,25.33,134.7074468,61.00691017,52,843,1111,32,34.72,7.91,26.34,40.84615,18.2,34,32.3196905,18.875
Shahrukh Khan,7.5,Batter,Gujarat Titans,38,553,391,35,37,19.75,141.4322251,65.46112116,2,12,15,0,0,7.5,0,26.05263,22.1,32,26.1357361,22.95833
Kagiso Rabada,8.5,Bowler,Gujarat Titans,31,206,193,16,8,12.12,106.7357513,54.36893204,80,1818,2570,117,21.97,8.48,15.54,50.775,47.25,48,49.07175,52.41667
Jos Buttler,9,Batter/Wicketkeeper,Gujarat Titans,106,3582,2428,355,161,38.11,147.5288303,66.61083194,0,0,0,0,0,0,0,57.71698,98.8,58,70.5149806,96.625
Mohammed Siraj,8,Bowler,Gujarat Titans,25,109,119,10,4,10.9,91.59663866,58.71559633,93,1958,2822,93,30.34,8.65,21.05,33.86022,60.2,42,43.8163034,63.83333
Prasidh Krishna,7.5,Bowler,Gujarat Titans,10,9,24,0,0,3,37.5,0,51,1145,1703,49,34.76,8.92,23.37,37,75.2,40,51,81.375
Nishant Sindhu,6,All-rounder,Gujarat Titans,0,0,0,0,0,0,0,0,0,0,0,0,0,0,0,0,0,0,0,0
Mahipal Lomror,6.5,Batter,Gujarat Titans,35,527,373,33,30,18.17,141.2868633,59.20303605,11,90,127,1,127,8.47,90,24.88571,0,23,23.0757115,0
Kumar Kushagra,5.5,Wicketkeeper/Batter,Gujarat Titans,0,0,0,0,0,0,0,0,0,0,0,0,0,0,0,0,0,6,3.9,0
Anuj Rawat,6.5,Wicketkeeper/Batter,Gujarat Titans,21,318,267,26,14,19.88,119.1011236,59.11949686,0,0,0,0,0,0,0,27.66667,0,30,26.9833355,0
Manav Suthar,6,Bowler,Gujarat Titans,0,0,0,0,0,0,0,0,0,0,0,0,0,0,0,0,0,18,11.7,0
Washington Sundar,7,All-rounder,Gujarat Titans,40,378,325,32,9,14,116.3076923,48.14814815,58,1054,1325,37,35.81,7.54,28.49,30.06897,51.4,23,35.1264159,44
Gerald Coetzee,7,Bowler,Gujarat Titans,5,14,22,0,1,3.5,63.63636364,42.85714286,10,201,341,13,26.23,10.18,15.46,43.6,46,48,45.312,46
Arshad Khan,5.5,All-rounder,Gujarat Titans,7,101,69,6,6,25.25,146.3768116,59.40594059,10,146,304,6,50.67,12.49,24.33,35.3,30.6,39,34.657,30
Gurnoor Brar Singh,5.5,Bowler,Gujarat Titans,0,0,0,0,0,0,0,0,0,0,0,0,0,0,0,0,0,0,0,0
Sherfane Rutherford,7,Batter,Gujarat Titans,23,428,299,26,29,25.18,143.1438127,64.95327103,3,42,72,1,72,10.29,42,32.08696,51.625,40,39.8846212,44.3125
Ravisrinivasan Sai Kishore,7,Bowler,Gujarat Titans,2,13,6,0,2,13,216.6666667,92.30769231,10,186,258,13,19.85,8.32,14.31,54.1,46.3,48,40,46.95833
Ishant Sharma,7.5,Bowler,Gujarat Titans,28,57,69,4,2,9.5,82.60869565,49.12280702,110,2309,3172,92,34.48,8.24,25.1,27.53636,28.375,39,30.3183392,29.8125
Jayant Yadav,6.5,Bowler,Gujarat Titans,5,40,36,2,1,10,111.1111111,35,20,390,445,8,55.63,6.85,48.75,15.5,0,0,15.5,0
Glenn Phillips,8,Batter,Gujarat Titans,74,1928,1372,138,91,31.1,140.5247813,56.95020747,13,128,157,6,26.17,7.36,21.33,43.48649,0,42,40.8662185,0
Karim Janat,6,All-rounder,Gujarat Titans,48,691,596,49,28,17.72,115.9395973,52.67727931,49,835,1140,42,27.14,8.19,19.88,48.95918,4,0,21.983672,4
Kulwant Khejroliya,6,Bowler,Gujarat Titans,0,0,0,0,0,0,0,0,7,121,217,5,43.4,10.76,24.2,22.85714,0,0,22.85714,0
Rinku Singh,7.5,Batter,Kolkata Knight Riders,40,893,623,67,46,30.79,143.3386838,60.91825308,0,0,0,0,0,0,0,37.8,42.1,40,39.617,42.29167
Varun Chakravarthy,9,Bowler,Kolkata Knight Riders,12,25,46,2,0,6.25,54.34782609,32,70,1588,2002,83,24.12,7.56,19.13,38.41429,56,56,47.7347163,55.95833
Sunil Narine,9,All-rounder,Kolkata Knight Riders,110,1534,925,164,97,17.04,165.8378378,80.70404172,175,4075,4571,180,25.39,6.73,22.64,48.89714,97.88889,82,71.3672117,85.3125
Andre Russell,8.5,Batter,Kolkata Knight Riders,105,2484,1420,170,209,29.22,174.9295775,77.85829308,112,1697,2646,115,23.01,9.36,14.76,73.19643,51.7,40,59.2293221,51.16667
Harshit Rana,8,Bowler,Kolkata Knight Riders,3,2,3,0,0,1,66.66666667,0,19,385,581,25,23.24,9.05,15.4,42.21053,51.2,46,45.8309491,48
Ramandeep Singh,7.5,All-rounder,Kolkata Knight Riders,13,170,102,8,13,28.33,166.6666667,64.70588235,4,40,63,6,10.5,9.45,6.67,44,14.55556,29,31.5722236,14.89583
Venkatesh Iyer,8,Batter,Kolkata Knight Riders,49,1326,967,121,61,31.57,137.1251293,64.1025641,9,81,143,3,47.67,10.59,27,46.36735,34.5,46,42.6076545,39.29167
Quinton de Kock,8,Wicketkeeper/Batter,Kolkata Knight Riders,107,3157,2352,316,123,31.26,134.2261905,63.41463415,0,0,0,0,0,0,0,48.91589,46,48,47.8104683,38.64286
Rahmanullah Gurbaz,7.5,Wicketkeeper/Batter,Kolkata Knight Riders,13,289,216,24,19,22.23,133.7962963,72.66435986,0,0,0,0,0,0,0,44.15385,35,41,40.6223095,21.16667
Anrich Nortje,8,Bowler,Kolkata Knight Riders,15,49,49,6,0,8.17,100,48.97959184,46,1054,1574,60,26.23,8.96,17.57,43.32609,50,45,45.7632623,43
Angkrish Raghuvanshi,6.5,Batter,Kolkata Knight Riders,7,163,105,16,8,23.29,155.2380952,68.71165644,0,0,0,0,0,0,0,50,59.66667,42,51.2366677,50
Vaibhav Arora,6.5,Bowler,Kolkata Knight Riders,8,9,16,0,0,4.5,56.25,0,20,383,586,19,30.84,9.18,20.16,30.85,56.44444,38,40.3572764,49
Chetan Sakariya,5.5,Bowler,Kolkata Knight Riders,0,0,0,0,0,0,0,0,19,426,599,20,29.95,8.44,21.3,40,0,35,36.5,0
Mayank Markande,6,Bowler,Kolkata Knight Riders,11,48,42,5,1,16,114.2857143,54.16666667,37,720,1069,37,28.89,8.91,19.46,34,0,30.4,31.22,0
Rovman Powell,7,Batter,Kolkata Knight Riders,22,360,244,21,28,18.95,147.5409836,70,2,18,35,1,35,11.67,18,29.27273,12.5,32,24.6731831,12.25
Manish Pandey,7,Batter,Kolkata Knight Riders,159,3850,3179,334,110,29.17,121.1072664,51.84415584,0,0,0,0,0,0,0,37.23899,39,38,37.9523253,39
Spencer Johnson,6.5,Bowler,Kolkata Knight Riders,3,6,7,1,0,0,85.71428571,66.66666667,5,96,151,4,37.75,9.44,24,27.6,18.25,38,26.9895,20.16667
Luvnith Sisodia,5.5,Batter,Kolkata Knight Riders,0,0,0,0,0,0,0,0,0,0,0,0,0,0,0,0,0,0,0,0
Ajinkya Rahane,7.5,Batter,Kolkata Knight Riders,110,1534,925,164,97,17.04,165.8378378,80.70404172,175,4075,4571,180,25.39,6.73,22.64,48.89714,72.9,46,55.7006558,62
Anukul Sudhakar Roy,6,All-rounder,Kolkata Knight Riders,6,26,24,3,0,8.67,108.3333333,46.15384615,9,136,191,5,38.2,8.43,27.2,22,42,16,26.88,32
Moeen Ali,7,All-rounder,Kolkata Knight Riders,57,1162,821,95,67,22.78,141.5347138,67.29776248,52,758,893,35,25.51,7.07,21.66,53.75439,41.75,46,48.3270633,37.875
Umran Malik,6,Bowler,Kolkata Knight Riders,6,23,16,1,2,11.5,143.75,69.56521739,26,493,772,29,26.62,9.4,17,37.19231,0,0,37.19231,0
Nicholas Pooran,8.5,Wicketkeeper/Batter,Lucknow Super Giants,73,1769,1090,112,127,32.16,162.293578,68.40022612,0,0,0,0,0,0,0,42.17808,91.8,66,62.8016976,86.54167
Ravi Bishnoi,8,Bowler,Lucknow Super Giants,15,32,50,2,0,4,64,25,65,1411,1836,63,29.14,7.81,22.4,31.63077,40.4,42,36.6304619,38.54167
Mayank Yadav,7.5,Bowler,Lucknow Super Giants,0,0,0,0,0,0,0,0,4,73,85,7,12.14,6.99,10.43,74.75,82,0,79.1,52
Mohsin Khan,7,Bowler,Lucknow Super Giants,5,25,24,2,1,8.33,104.1666667,56,23,486,689,27,25.52,8.51,18,39.26087,0,0,39.26087,0
Ayush Badoni,7,Batter,Lucknow Super Giants,35,634,473,46,24,24.38,134.038055,51.73501577,5,25,36,2,18,8.64,12.5,31.45714,50.4,31,37.2288558,51.41667
Rishabh Pant,9,Wicketkeeper/Batter,Lucknow Super Giants,110,3284,2205,296,154,35.31,148.9342404,64.19001218,0,0,0,0,0,0,0,50.38182,27.2,50,43.1114554,29.54167
David Miller,8,Batter,Lucknow Super Giants,124,2924,2100,207,134,36.1,139.2380952,55.81395349,0,0,0,0,0,0,0,37.95161,31,41,36.4672567,26.70833
Mitchell Marsh,8,Batter,Lucknow Super Giants,36,665,521,48,38,19.56,127.6391555,63.15789474,34,560,795,37,21.49,8.52,15.14,63.02778,83.77778,47,65.9341684,79.64583
Aiden Markram,8,All-rounder,Lucknow Super Giants,42,995,767,73,35,30.15,129.726206,50.45226131,14,121,172,2,86,8.53,60.5,37.16667,85,36,51.7383349,95.04167
Avesh Khan,8,Bowler,Lucknow Super Giants,10,41,25,3,3,20.5,164,73.17073171,62,1335,1974,74,26.68,8.87,18.04,39.74194,45.66667,48,43.3953795,44.60417
Abdul Samad,6.5,Batter,Lucknow Super Giants,40,577,395,37,36,19.23,146.0759494,63.08492201,5,54,113,2,56.5,12.56,27,25.125,31.33333,29,27.9020823,34.66667
Aryan Juyal,5.5,Wicketkeeper/Batter,Lucknow Super Giants,0,0,0,0,0,0,0,0,0,0,0,0,0,0,0,0,0,0,0,0
Akash Deep,7,Bowler,Lucknow Super Giants,3,19,12,2,1,9.5,158.3333333,73.68421053,8,164,319,7,45.57,11.67,23.43,32.125,27.25,38,31.90625,25.41667
Himmat Singh,5.5,Batter,Lucknow Super Giants,0,0,0,0,0,0,0,0,0,0,0,0,0,0,0,0,4,0,2.6,4
Manimaran Siddharth,6,Bowler,Lucknow Super Giants,0,0,0,0,0,0,0,0,0,0,0,0,0,0,0,0,33,27,30.9,17.2
Digvesh Singh,5,Bowler,Lucknow Super Giants,0,0,0,0,0,0,0,0,0,0,0,0,0,0,0,0,41.3,0,26.845,40.91667
Shahbaz Ahmed,7,All-rounder,Lucknow Super Giants,37,536,440,28,25,19.14,121.8181818,48.88059701,42,537,837,21,39.86,9.35,25.57,35,18,40,30.83,18
Akash Singh,6,Bowler,Lucknow Super Giants,0,0,0,0,0,0,0,0,7,138,227,5,45.4,9.87,27.6,22.85714,0,0,22.85714,0
Shamar Joseph,6.5,Bowler,Lucknow Super Giants,0,0,0,0,0,0,0,0,1,24,47,0,0,11.75,0,75,0,25,56.25,0
Prince Yadav,5.5,Bowler,Lucknow Super Giants,0,0,0,0,0,0,0,0,0,0,0,0,0,0,0,0,31.8,0,20.67,29.23333
Yuvraj Chaudhary,5,All-rounder,Lucknow Super Giants,0,0,0,0,0,0,0,0,0,0,0,0,0,0,0,0,0,0,0,0
Rajvardhan Hangargekar,5.5,Bowler,Lucknow Super Giants,0,0,0,0,0,0,0,0,2,36,60,3,20,10,12,85.5,0,0,85.5,0
Arshin Kulkarni,6,All-rounder,Lucknow Super Giants,2,9,8,2,0,4.5,112.5,88.88888889,0,0,0,0,0,0,0,46,0,22,36.5,0
Shardul Thakur,7.5,All-rounder,Lucknow Super Giants,37,307,221,27,13,12.28,138.9140271,60.58631922,92,1866,2869,94,30.52,9.23,19.85,38.05435,49.55556,44,42.9277681,46.625
Matthew Breetzke,6.5,Batter,Lucknow Super Giants,10,151,123,13,6,16.78,122.7642276,58.2781457,0,0,0,0,0,0,0,31.4,0,0,31.4,0
Jasprit Bumrah,9,Bowler,Mumbai Indians,30,68,78,5,1,9.71,87.17948718,38.23529412,133,3053,3716,165,22.52,7.3,18.5,40.40602,67,62,53.4008294,49.77778
Suryakumar Yadav,9,Batter,Mumbai Indians,135,3594,2473,385,130,32.09,145.3295592,64.55203116,1,6,8,0,0,8,0,44.36296,87.7,50,59.0375912,88.04167
Hardik Pandya,9,All-rounder,Mumbai Indians,128,2525,1734,189,136,28.69,145.6170704,62.25742574,93,1418,2150,64,33.59,9.1,22.16,48.00781,70.66667,62,58.1103384,75.95833
Rohit Sharma,9,Batter,Mumbai Indians,252,6628,5054,599,280,29.72,131.1436486,61.49668075,32,339,453,15,30.2,8.02,22.6,44.38095,54.55556,44,47.4512701,56.20833
Tilak Varma,8,Batter,Mumbai Indians,38,1156,790,90,58,39.86,146.3291139,61.24567474,4,22,28,0,0,7.64,0,53,51.5,53,52.535,53.33333
Trent Boult,8.5,Bowler,Mumbai Indians,27,83,78,5,3,10.38,106.4102564,45.78313253,103,2337,3230,121,26.69,8.29,19.31,38.76699,54.1,45,44.8914853,48.58333
Naman Dhir,6.5,All-rounder,Mumbai Indians,7,140,79,12,10,23.33,177.2151899,77.14285714,3,28,55,0,0,11.79,0,49.71429,43.9,35,41,33
Robin Minz,5.5,Wicketkeeper/Batter,Mumbai Indians,0,0,0,0,0,0,0,0,0,0,0,0,0,0,0,0,7,0,4.55,7
Karn Sharma,6.5,Bowler,Mumbai Indians,40,351,294,20,17,13.5,119.3877551,51.85185185,82,1495,2087,76,27.46,8.38,19.67,36.15854,42,32,37.0545138,38
Ryan Rickelton,7.5,Batter/Wicketkeeper,Mumbai Indians,13,263,195,18,16,20.23,134.8717949,63.878327,0,0,0,0,0,0,0,38.92308,70.2,40,48.8558476,62
Deepak Chahar,8,Bowler,Mumbai Indians,13,80,59,2,6,11.43,135.5932203,55,81,1669,2221,77,28.84,7.98,21.68,31.95062,40.7,46,37.7537914,37.41667
Mujeeb-ur-Rahman,7,Bowler,Mumbai Indians,7,12,15,2,0,4,80,66.66666667,19,434,592,19,31.16,8.18,22.84,33.05263,27,0,29.421052,27
Will Jacks,7.5,All-rounder,Mumbai Indians,8,230,131,16,18,32.86,175.5725191,74.7826087,5,54,100,2,50,11.11,27,61.375,56.33333,50,57.3095823,47.79167
Ashwani Kumar,5.5,Bowler,Mumbai Indians,0,0,0,0,0,0,0,0,0,0,0,0,0,0,0,0,67.66667,0,40,38
Mitchell Santner,7.5,All-rounder,Mumbai Indians,11,70,71,4,3,11.67,98.5915493,48.57142857,18,366,422,15,28.13,6.92,24.4,32.44444,37.44444,43,36.3166632,38.91667
Corbin Bosch,6,All-rounder,Mumbai Indians,6,45,57,1,1,7.5,78.94736842,22.22222222,9,174,264,13,20.3,9.1,13.3,40,106,0,39,46
Reece Topley,6.5,Bowler,Mumbai Indians,1,3,6,0,0,0,50,0,5,102,182,5,36.4,10.71,20.4,32.6,0,35,31.69,0
KL Shrijith,6,Bowler,Mumbai Indians,0,0,0,0,0,0,0,0,0,0,0,0,0,0,0,0,0,0,0,0
Raj Angad Bawa,5.5,Batter,Mumbai Indians,2,11,14,1,0,5.5,78.57142857,36.36363636,0,0,0,0,0,0,0,45,8,35,31.33,8
Satyanarayana Raju,5.5,Bowler,Mumbai Indians,0,0,0,0,0,0,0,0,0,0,0,0,0,0,0,0,20,0,13,23.5
Bevon Jacobs,6,Batter,Mumbai Indians,0,0,0,0,0,0,0,0,0,0,0,0,0,0,0,0,0,0,0,0
Arjun Tendulkar,5,Bowler,Mumbai Indians,1,13,9,0,1,13,144.4444444,46.15384615,5,73,114,3,38,9.37,24.33,23,0,7,17.05,0
Vignesh Puthur,5,Bowler,Mumbai Indians,0,0,0,0,0,0,0,0,0,0,0,0,0,0,0,0,42.4,32,38.76,32.90476
Shashank Singh,7.5,Batter,Punjab Kings,19,423,262,33,25,35.25,161.4503817,66.66666667,3,3,25,1,25,8.33,18,44.05263,37.4,45,42.1987361,32.5
Prabhsimran Singh,7.5,Batter/Wicketkeeper,Punjab Kings,34,756,517,78,41,22.24,146.2282398,73.80952381,0,0,0,0,0,0,0,40.85294,73.5,36,49.9058818,68.75
Arshdeep Singh,8.5,Bowler,Punjab Kings,12,29,40,4,0,5.8,72.5,55.17241379,65,1364,2052,76,27,9.03,17.95,38.10769,56.5,53,47.0856143,51.66667
Shreyas Iyer,8.5,Batter,Punjab Kings,115,3127,2453,271,113,32.24,127.4765593,56.34793732,0,0,0,0,0,0,0,43.16522,73,54,54.7976534,57.125
Yuzvendra Chahal,8.5,Bowler,Punjab Kings,20,37,86,0,0,5.29,43.02325581,0,159,3521,4602,205,22.25,7.84,17.18,41.49057,56.3,46,47.0735679,54.33333
Marcus Stoinis,8,All-rounder,Punjab Kings,88,1866,1314,150,91,28.27,142.0091324,61.414791,62,803,1274,43,29.63,9.52,18.67,49.86364,24.14286,54,42.8001974,22.5625
Glenn Maxwell,8.5,All-rounder,Punjab Kings,129,2771,1768,232,160,24.74,156.7307692,68.13424756,79,944,1303,37,35.22,8.28,25.51,45.29457,40.57143,40,42.6655912,40.1875
Nehal Wadhera,7.5,Batter,Punjab Kings,16,350,250,32,18,23.33,140,67.42857143,1,12,13,0,0,6.5,0,41.3125,47.22222,44,43.7357632,51.60417
Harpreet Brar,6.5,Bowler,Punjab Kings,24,233,190,19,9,21.18,122.6315789,55.79399142,39,679,895,25,35.8,7.91,27.16,29.82051,51.5,36,37.9006397,58.75
Vishnu Vinod,6.5,Wicketkeeper/Batter,Punjab Kings,6,56,57,3,3,9.33,98.24561404,53.57142857,0,0,0,0,0,0,0,26.83333,0,0,26.83333,0
Vyshak Vijaykumar,7,Bowler,Punjab Kings,4,14,12,0,1,7,116.6666667,42.85714286,11,231,395,13,30.38,10.26,17.77,39.63636,11,38,30.3990892,11
Yash Thakur,6.5,Bowler,Punjab Kings,0,0,0,0,0,0,0,0,19,404,691,24,28.79,10.26,16.83,40.42105,19.5,30,31.6428935,25.66667
Marco Jansen,8,All-rounder,Punjab Kings,13,66,66,5,2,9.43,100,48.48484848,21,450,715,20,35.75,9.53,22.5,35.14286,67,51,48.5071442,67.54167
Josh Inglis,7.5,Batter/Wicketkeeper,Punjab Kings,28,706,450,67,28,30.7,156.8888889,61.75637394,0,0,0,0,0,0,0,43.46429,36.6,42,41.0142163,37.23333
Lockie Ferguson,7.5,Bowler,Punjab Kings,10,68,46,6,2,22.67,147.826087,52.94117647,45,955,1426,46,31,8.96,20.76,35.02222,49.75,42,41.1229434,44.16667
Azmatullah Omarzai,7.5,All-rounder,Punjab Kings,4,42,33,2,2,10,127.2727273,47.61904762,7,126,186,4,46.5,8.86,31.5,27.14286,40.5,36,33.2321442,40.5
Harnoor Singh Pannu,5,Batter,Punjab Kings,0,0,0,0,0,0,0,0,0,0,0,0,0,0,0,0,0,0,0,0
Kuldeep Sen,6,Bowler,Punjab Kings,1,0,3,0,0,0,0,0,12,241,387,14,27.64,9.63,17.21,37.33333,0,39,35.9666645,0
Priyansh Arya,6.5,Batter,Punjab Kings,0,0,0,0,0,0,0,0,0,0,0,0,0,0,0,0,76.6,30,54,58
Aaron Hardie,7,All-rounder,Punjab Kings,8,128,99,15,3,21.33,129.2929293,60.9375,0,0,0,0,0,0,0,35.125,0,0,35.125,0
Suryansh Shedge,5.5,All-rounder,Punjab Kings,0,0,0,0,0,0,0,0,0,0,0,0,0,0,0,0,4.4,0,2.86,4.75
Musheer Khan,6,All-rounder,Punjab Kings,0,0,0,0,0,0,0,0,0,0,0,0,0,0,0,0,0,0,0,0
Xavier Bartlett,6.5,Bowler,Punjab Kings,2,5,10,0,0,2.5,50,0,7,142,162,11,14.73,6.85,12.91,61.71429,45,0,43,43.6
Pyla Avinash,5.5,Batter,Punjab Kings,0,0,0,0,0,0,0,0,0,0,0,0,0,0,0,0,0,0,0,0
Pravin Dubey,6,Bowler,Punjab Kings,2,23,33,1,2,23,69.6969697,69.56521739,4,66,91,1,91,8.27,66,17.75,0,0,17.75,0
Sanju Samson,9,Batter/Wicketkeeper,Rajasthan Royals,163,4419,3180,352,206,30.69,138.9622642,59.8325413,0,0,0,0,0,0,0,43.79141,67.28571,56,53.7605328,62.07143
Yashasvi Jaiswal,9,Batter,Rajasthan Royals,52,1607,1067,198,64,32.14,150.6091846,73.17983821,1,1,6,0,0,0,0,54.96154,92.5,54,66.3869238,95.08333
Riyan Parag,8,All-rounder,Rajasthan Royals,58,1173,868,84,60,24.44,135.1382488,59.33503836,21,175,307,4,76.75,10.53,43.75,34.43103,63.6,47,46.2385841,65.125
Dhruv Jurel,7.5,Batter/Wicketkeeper,Rajasthan Royals,22,347,229,29,16,23,151.5283843,61.09510086,0,0,0,0,0,0,0,28.81818,52.1,41,38.7155446,46
Shimron Hetmyer,7.5,Batter,Rajasthan Royals,66,1243,812,76,82,31.08,153.0788177,64.03861625,0,0,0,0,0,0,0,32.0303,45.3,34,36.577241,45.95833
Sandeep Sharma,7.5,Bowler,Rajasthan Royals,27,54,70,4,0,9,77.14285714,29.62962963,126,2822,3709,137,27.07,7.89,20.6,35.34921,34.9,35,35.1331287,35.04167
Jofra Archer,8,Bowler,Rajasthan Royals,25,199,128,12,11,15.31,155.46875,57.28643216,40,945,1171,48,24.4,7.43,19.69,46.225,49.7,42,46.37275,54.66667
Maheesh Theekshana,7.5,Bowler,Rajasthan Royals,2,7,7,1,0,7,100,57.14285714,27,624,797,25,31.88,7.66,24.96,30.03704,38,32,32.9374088,34.20833
Wanindu Hasaranga,8.5,All-rounder,Rajasthan Royals,14,72,73,7,1,7.2,98.63013699,47.22222222,26,552,748,35,21.37,8.13,15.77,47.15385,49.25,43,46.8898095,46
Akash Madhwal,7,Bowler,Rajasthan Royals,1,4,5,1,0,4,80,100,13,262,424,19,22.32,9.71,13.79,53.15385,0,39,46.2500025,39
Kumar Kartikeya,6,Bowler,Rajasthan Royals,2,9,12,1,0,4.5,75,44.44444444,2,234,329,10,32.9,8.44,23.4,166.5,27.33333,30,93.3283323,27.75
Nitish Rana,7.5,All-rounder,Rajasthan Royals,101,2636,1952,234,132,28.34,135.0409836,65.5538695,24,180,252,10,25.2,8.4,18,46.37624,48.4,40,45.6008328,48
Tushar Deshpande,7.5,Bowler,Rajasthan Royals,4,21,14,3,2,21,150,114.2857143,36,773,1243,42,29.6,9.65,18.4,38.58333,31.85714,46,38.1298785,27.25
Shubham Dubey,5.5,Batter,Rajasthan Royals,3,33,19,1,3,16.5,173.6842105,66.66666667,0,0,0,0,0,0,0,51.66667,23.83333,33,38.9316672,15.375
Yudhvir Singh Charak,6.5,All-rounder,Rajasthan Royals,4,22,16,0,1,5.5,137.5,27.27272727,5,72,122,4,30.5,10.17,18,31.2,6,0,16.08,7
FazalHaq Farooqi,7,Bowler,Rajasthan Royals,2,3,13,2,0,0,23.07692308,266.6666667,7,152,227,6,37.83,8.96,25.33,29,6.666667,32,22.73666677,10
Vaibhav Suryavanshi,5,Batter,Rajasthan Royals,0,0,0,0,0,0,0,0,0,0,0,0,0,0,0,0,109,0,42,48
Kwena Maphaka,6,Bowler,Rajasthan Royals,0,0,0,0,0,0,0,0,2,36,89,1,89,14.83,36,16,0,22,17,0
Ashok Sharma,5,Bowler,Rajasthan Royals,0,0,0,0,0,0,0,0,0,0,0,0,0,0,0,0,0,0,0,0
Kunal Singh Rathore,5,Batter/Wicketkeeper,Rajasthan Royals,0,0,0,0,0,0,0,0,0,0,0,0,0,0,0,0,0,0,0,0
Virat Kohli,9,Batter,Royal Challengers Bengaluru,244,8004,6065,705,272,38.67,131.9703215,55.62218891,26,251,368,4,92,8.8,62.75,51.88115,82.6,76,66.7101405,78.79167
Rajat Patidar,8,Batter,Royal Challengers Bengaluru,24,799,503,51,54,34.74,158.8469185,66.08260325,0,0,0,0,0,0,0,58.41667,46.5,47,52.2108349,46.04167
Yash Dayal,7,Bowler,Royal Challengers Bengaluru,1,0,1,0,0,0,0,0,28,577,920,28,32.86,9.57,20.61,32,36.7,42,35.657,34.58333
Liam Livingstone,8,All-rounder,Royal Challengers Bengaluru,39,939,578,66,66,28.45,162.4567474,70.28753994,22,258,393,11,35.73,9.14,23.45,50.66667,38.71429,42,45.0547648,33.11905
Philip Salt,8.5,Wicketkeeper/Batter,Royal Challengers Bengaluru,21,653,372,74,34,34.37,175.5376344,76.56967841,0,0,0,0,0,0,0,59.66667,61.33333,54,58.9366672,45
Jitesh Sharma,7.5,Batter/Wicketkeeper,Royal Challengers Bengaluru,36,730,483,53,45,22.81,151.1387164,66.02739726,0,0,0,0,0,0,0,35.75,40.6,34,36.8685,41.66667
Josh Hazlewood,8.5,Bowler,Royal Challengers Bengaluru,6,19,28,6,1,0,67.85714286,157.8947368,27,603,810,35,23.14,8.06,17.23,43.2963,73.2,50,54.041261,67.41667
Rasikh Salam,6.5,Bowler,Royal Challengers Bengaluru,6,40,40,1,5,8,100,85,11,195,339,9,37.67,10.43,21.67,32.90909,23.5,42,31.9922723,11.16667
Suyash Sharma,6,Bowler,Royal Challengers Bengaluru,0,0,0,0,0,0,0,0,13,258,372,10,37.2,8.65,0,30.38462,29.66667,30,30.0774391,30.60417
Krunal Pandya,7.5,All-rounder,Royal Challengers Bengaluru,111,1647,1240,144,61,21.96,132.8225806,57.19489982,117,2122,2606,76,34.29,7.37,27.92,42.91453,64.8,40,49.0578291,54.58333
Bhuvneshwar Kumar,8,Bowler,Royal Challengers Bengaluru,68,306,326,30,3,8.74,93.86503067,45.09803922,176,3910,4929,181,27.23,7.56,21.6,35.43182,57.88889,40,43.3985113,47
Swapnil Singh,7,All-rounder,Royal Challengers Bengaluru,9,51,45,3,3,10.2,113.3333333,58.82352941,14,162,241,7,34.43,8.93,23.14,21.78571,0,32,23.7607115,0
Tim David,7.5,Batter,Royal Challengers Bengaluru,35,659,387,38,46,28.65,170.2842377,64.94688923,0,0,0,0,0,0,0,33.91429,48,38,39.1797163,43
Romario Shepherd,7,All-rounder,Royal Challengers Bengaluru,9,115,63,4,7,23,182.5396825,50.43478261,8,126,257,4,64.25,12.24,31.5,36.22222,19.33333,0,26.088886,28.77778
Nuwan Thushara,7.5,Bowler,Royal Challengers Bengaluru,0,0,0,0,0,0,0,0,7,156,257,8,32.13,9.88,19.5,36.57143,0,25,31.2714295,0
Manoj Bhandage,6.5,All-rounder,Royal Challengers Bengaluru,0,0,0,0,0,0,0,0,0,0,0,0,0,0,0,0,0,25,16.25,0
Jacob Bethell,7,Batter,Royal Challengers Bengaluru,9,196,133,14,11,32.67,147.3684211,62.24489796,1,18,28,0,0,9.33,0,43.66667,62.5,32,46.9383349,64
Devdutt Padikkal,7,Batter,Royal Challengers Bengaluru,64,1559,1266,169,42,25.15,123.1437599,59.52533675,0,0,0,0,0,0,0,40.03125,53.66667,23.4,40.5993552,53
Swastik Chikara,5.5,Batter,Royal Challengers Bengaluru,0,0,0,0,0,0,0,0,0,0,0,0,0,0,0,0,0,0,0,0
Mohit Rathee,6,All-rounder,Royal Challengers Bengaluru,1,1,2,0,0,0,50,0,1,12,29,0,0,14.5,0,76,0,0,0,0
Abhinandan Singh,5,Bowler,Royal Challengers Bengaluru,0,0,0,0,0,0,0,0,0,0,0,0,0,0,0,0,0,0,0,0
Lungi Ngidi,7.5,Bowler,Royal Challengers Bengaluru,0,0,0,0,0,0,0,0,14,324,448,25,17.92,8.3,12.96,62.5,0,30,47,0
Heinrich Klaasen,9,Batter/Wicketkeeper,Sunrisers Hyderabad,32,993,590,56,64,38.19,168.3050847,61.2286002,0,0,0,0,0,0,0,55.5,68.1,52,58.636,70.91667
Pat Cummins,8.5,Bowler,Sunrisers Hyderabad,41,515,344,33,34,19.81,149.7093023,65.24271845,58,1319,1923,63,30.52,8.75,20.94,49.43103,57.4,50,52.0265841,56.66667
Abhishek Sharma,8.5,All-rounder,Sunrisers Hyderabad,61,1376,887,128,73,25.48,155.1296505,69.04069767,26,270,389,11,35.36,8.64,24.55,43.90164,72,51,54.1737708,69.875
Travis Head,9,Batter,Sunrisers Hyderabad,25,772,444,76,40,36.76,173.8738739,70.46632124,6,58,113,2,56.5,11.69,29,59.2,63.2,55,59.516,58.375
K Nitish Reddy,8,All-rounder,Sunrisers Hyderabad,11,303,212,15,21,33.67,142.9245283,61.38613861,9,109,207,3,69,11.39,36.33,53.18182,35.3,46,46.0584554,30.04167
Mohammed Shami,8.5,Bowler,Sunrisers Hyderabad,25,74,79,6,2,5.69,93.67088608,48.64864865,110,2426,3411,127,26.86,8.44,19.1,37.94545,29.44444,42,36.2021379,29.08333
Harshal Patel,8,Bowler,Sunrisers Hyderabad,42,249,203,16,15,9.22,122.6600985,61.84738956,103,2161,3149,135,23.33,8.74,16.01,45.85437,60,54,52.0315539,46
Ishan Kishan,8,Wicketkeeper/Batter,Sunrisers Hyderabad,99,2644,1946,255,119,28.43,135.8684481,65.58245083,0,0,0,0,0,0,0,44.9798,39.5,47,43.725506,25.95833
Rahul Chahar,6.5,Bowler,Sunrisers Hyderabad,24,129,124,13,5,8.06,104.0322581,63.56589147,77,1664,2141,75,28.55,7.72,22.19,33.90909,0,36,32.8409085,0
Adam Zampa,7.5,Bowler,Sunrisers Hyderabad,5,15,24,1,0,3,62.5,26.66666667,20,419,558,29,19.24,7.99,14.45,51.1,30,40,42.117,29
Abhinav Manohar,6.5,Batter,Sunrisers Hyderabad,15,231,174,21,10,16.5,132.7586207,62.33766234,0,0,0,0,0,0,0,30,28.5,30,29.535,46.36111
Wiaan Mulder,7,All-rounder,Sunrisers Hyderabad,8,105,90,8,3,17.5,116.6666667,47.61904762,10,120,195,8,24.38,9.75,15,41.1,26,0,32.04,26
Atharva Taide,6.5,Batter,Sunrisers Hyderabad,9,247,168,27,8,27.44,147.0238095,63.15789474,1,1,4,0,0,0,0,53.11111,40,42,46.6022217,40
Simarjeet- Singh,6,Bowler,Sunrisers Hyderabad,3,7,8,0,0,7,87.5,0,10,180,259,9,28.78,8.63,20,29.5,18.75,36,27.5975,11.3
Zeeshan Ansari,5.5,Bowler,Sunrisers Hyderabad,0,0,0,0,0,0,0,0,0,0,0,0,0,0,0,0,33.625,0,21.85625,32
Jaydev Unadkat,7,Bowler,Sunrisers Hyderabad,32,197,166,16,7,12.31,118.6746988,53.8071066,104,2131,3189,99,32.21,8.98,21.53,33.375,48,33,37.82625,31.83333
Kamindu Mendis,7,Batter,Sunrisers Hyderabad,21,381,311,39,13,19.5,122.5080386,61.41732283,9,108,148,2,74,8.22,54,32.33333,49.75,32,37.6591651,38
Aniket Verma,5,Batter,Sunrisers Hyderabad,0,0,0,0,0,0,0,0,0,0,0,0,0,0,0,0,43.5,30,38.775,44
Eshan Malinga,6,Bowler,Sunrisers Hyderabad,0,0,0,0,0,0,0,0,0,0,0,0,0,0,0,0,49,0,31.85,34
Sachin Baby,6.5,Batter,Sunrisers Hyderabad,11,144,118,11,5,16,122.0338983,51.38888889,2,10,8,2,4,4.8,5,32.45455,0,23,27.9954575,0
